"Pro.ID","Hardwood.Flooring","Carpet.Flooring","Tile.Flooring","Roofing","Painting","Lawn...Garden","Electrical","Plumbing","RHardwood","RCarpet","RTile","RRoofing","RPainting","RLawnGarden","RElectrical","RPlumbing"
1,1,0,1,0,0,0,1,0,12.7179487179487,0,12.7179487179487,0,0,0,15.7179487179487,0
2,0,0,1,1,1,0,1,0,0,0,15.75,15.75,15.75,0,18.75,0
3,0,0,1,1,1,1,0,1,0,0,9.88888888888889,9.88888888888889,9.88888888888889,9.88888888888889,0,9.88888888888889
4,0,0,1,0,0,0,1,1,0,0,15.9189189189189,0,0,0,15.9189189189189,15.9189189189189
5,1,0,0,1,1,1,1,0,4.48484848484848,0,0,4.48484848484848,4.48484848484848,4.48484848484848,4.48484848484848,0
6,1,0,0,0,0,0,0,1,17.0322580645161,0,0,0,0,0,0,20.0322580645161
7,1,0,1,1,0,0,1,0,23.5294117647059,0,23.5294117647059,23.5294117647059,0,0,26.5294117647059,0
8,0,1,1,1,0,1,0,0,0,7,7,7,0,7,0,0
9,0,1,0,1,1,1,0,1,0,10.3103448275862,0,10.3103448275862,10.3103448275862,10.3103448275862,0,10.3103448275862
10,0,1,1,0,1,1,1,1,0,16.4117647058824,16.4117647058824,0,16.4117647058824,16.4117647058824,19.4117647058824,16.4117647058824
11,0,1,1,1,0,1,1,0,0,4.14285714285714,4.14285714285714,4.14285714285714,0,4.14285714285714,7.14285714285714,0
12,1,0,1,1,1,0,1,0,14.1428571428571,0,14.1428571428571,14.1428571428571,14.1428571428571,0,14.1428571428571,0
13,1,0,0,0,0,1,0,1,12.7368421052632,0,0,0,0,12.7368421052632,0,15.7368421052632
14,1,0,1,0,1,1,0,0,8.57142857142857,0,8.57142857142857,0,8.57142857142857,8.57142857142857,0,0
15,0,0,0,0,1,1,0,0,0,0,0,0,13.3333333333333,13.3333333333333,0,0
16,1,0,0,1,1,0,0,0,8.75,0,0,8.75,8.75,0,0,0
17,1,0,1,0,1,1,1,1,22,0,22,0,22,22,22,22
18,0,0,1,0,0,1,1,1,0,0,18.1666666666667,0,0,18.1666666666667,21.1666666666667,18.1666666666667
19,0,0,0,0,1,0,1,1,0,0,0,0,27.4117647058824,0,30.4117647058824,27.4117647058824
20,1,0,0,1,0,0,0,0,12.7435897435897,0,0,12.7435897435897,0,0,0,0
21,1,1,0,1,0,1,1,0,2.70967741935484,2.70967741935484,0,2.70967741935484,0,2.70967741935484,5.70967741935484,0
22,1,1,0,0,1,1,1,1,24,24,0,0,24,24,27,24
23,0,0,0,0,1,0,1,1,0,0,0,0,10.6551724137931,0,13.6551724137931,10.6551724137931
24,1,1,0,1,0,1,1,0,16.6428571428571,16.6428571428571,0,16.6428571428571,0,16.6428571428571,16.6428571428571,0
25,1,1,0,0,0,0,1,1,18.6875,18.6875,0,0,0,0,21.6875,18.6875
26,1,0,0,0,1,1,0,0,1,0,0,0,1,1,0,0
27,1,1,1,1,1,0,0,0,10.8461538461538,10.8461538461538,10.8461538461538,10.8461538461538,10.8461538461538,0,0,0
28,0,0,0,0,0,1,1,0,0,0,0,0,0,7.31034482758621,7.31034482758621,0
29,0,0,0,1,1,1,1,0,0,0,0,14.6969696969697,14.6969696969697,14.6969696969697,14.6969696969697,0
30,0,1,1,0,0,0,1,1,0,8.68421052631579,8.68421052631579,0,0,0,11.6842105263158,8.68421052631579
31,1,0,0,1,0,1,1,1,28,0,0,28,0,28,31,28
32,0,0,1,0,0,0,1,1,0,0,9,0,0,0,9,9
33,0,0,0,0,1,1,1,1,0,0,0,0,4.75,4.75,7.75,7.75
34,0,0,0,0,0,1,0,0,0,0,0,0,0,15.1891891891892,0,0
35,1,1,1,1,0,1,0,0,11.6206896551724,11.6206896551724,11.6206896551724,11.6206896551724,0,11.6206896551724,0,0
36,1,0,1,1,1,0,1,1,20,0,20,20,20,0,23,20
37,1,0,0,0,1,1,1,1,18.6153846153846,0,0,0,18.6153846153846,18.6153846153846,18.6153846153846,21.6153846153846
38,0,0,1,1,0,1,1,1,0,0,13.2142857142857,13.2142857142857,0,13.2142857142857,16.2142857142857,16.2142857142857
39,1,1,0,0,0,1,0,1,28.5185185185185,28.5185185185185,0,0,0,28.5185185185185,0,28.5185185185185
40,1,1,1,1,1,0,0,0,4,4,4,4,4,0,0,0
41,0,1,1,1,1,1,1,0,0,1.72222222222222,1.72222222222222,1.72222222222222,1.72222222222222,1.72222222222222,4.72222222222222,0
42,1,0,0,0,1,1,1,1,14.4,0,0,0,14.4,14.4,14.4,17.4
43,1,0,0,1,0,1,1,0,12.6875,0,0,12.6875,0,12.6875,15.6875,0
44,1,0,1,0,0,1,0,0,12.6,0,12.6,0,0,12.6,0,0
45,1,1,1,1,0,1,0,0,14.7096774193548,14.7096774193548,14.7096774193548,14.7096774193548,0,14.7096774193548,0,0
46,0,0,0,1,0,0,1,0,0,0,0,2.45945945945946,0,0,2.45945945945946,0
47,0,1,0,1,0,1,0,1,0,21.4,0,21.4,0,21.4,0,24.4
48,0,1,1,1,0,1,0,1,0,15.5,15.5,15.5,0,15.5,0,18.5
49,1,1,1,0,0,0,0,0,11.2926829268293,11.2926829268293,11.2926829268293,0,0,0,0,0
50,0,1,1,0,1,1,0,1,0,24.3333333333333,24.3333333333333,0,24.3333333333333,24.3333333333333,0,27.3333333333333
51,1,1,1,1,1,0,1,0,8.31034482758621,8.31034482758621,8.31034482758621,8.31034482758621,8.31034482758621,0,11.3103448275862,0
52,0,0,1,0,0,1,0,0,0,0,27.8888888888889,0,0,27.8888888888889,0,0
53,1,0,0,1,1,0,1,1,24.5185185185185,0,0,24.5185185185185,24.5185185185185,0,27.5185185185185,27.5185185185185
54,0,1,1,1,0,1,0,1,0,9.66666666666667,9.66666666666667,9.66666666666667,0,9.66666666666667,0,9.66666666666667
55,0,0,1,0,1,1,0,0,0,0,16.5294117647059,0,16.5294117647059,16.5294117647059,0,0
56,1,0,1,1,0,0,0,0,11.2307692307692,0,11.2307692307692,11.2307692307692,0,0,0,0
57,0,1,1,0,0,0,0,0,0,17.9473684210526,17.9473684210526,0,0,0,0,0
58,0,1,0,0,0,0,1,0,0,15.6206896551724,0,0,0,0,18.6206896551724,0
59,0,1,1,0,1,1,1,0,0,18.6666666666667,18.6666666666667,0,18.6666666666667,18.6666666666667,21.6666666666667,0
60,1,1,0,0,1,1,0,0,8.67741935483871,8.67741935483871,0,0,8.67741935483871,8.67741935483871,0,0
61,1,0,1,0,1,1,1,1,16.6,0,16.6,0,16.6,16.6,19.6,19.6
62,0,0,1,0,1,0,0,1,0,0,18.9285714285714,0,18.9285714285714,0,0,21.9285714285714
63,1,0,1,0,0,1,1,0,23.2758620689655,0,23.2758620689655,0,0,23.2758620689655,26.2758620689655,0
64,0,0,1,1,1,0,0,1,0,0,26.4615384615385,26.4615384615385,26.4615384615385,0,0,26.4615384615385
65,0,0,1,1,0,1,1,0,0,0,17.0322580645161,17.0322580645161,0,17.0322580645161,20.0322580645161,0
66,1,1,0,1,0,1,1,0,1.61538461538462,1.61538461538462,0,1.61538461538462,0,1.61538461538462,1.61538461538462,0
67,1,1,1,1,1,0,0,1,8.375,8.375,8.375,8.375,8.375,0,0,11.375
68,0,0,1,1,0,1,1,1,0,0,20.4615384615385,20.4615384615385,0,20.4615384615385,20.4615384615385,20.4615384615385
69,0,0,0,0,1,1,0,1,0,0,0,0,21.2592592592593,21.2592592592593,0,24.2592592592593
70,1,0,0,1,1,1,0,1,-0.416666666666667,0,0,-0.416666666666667,-0.416666666666667,-0.416666666666667,0,-0.416666666666667
71,1,1,1,0,1,0,1,0,6.14814814814815,6.14814814814815,6.14814814814815,0,6.14814814814815,0,6.14814814814815,0
72,0,0,1,1,0,1,0,1,0,0,12.3548387096774,12.3548387096774,0,12.3548387096774,0,15.3548387096774
73,0,1,1,0,0,1,0,1,0,3.16666666666667,3.16666666666667,0,0,3.16666666666667,0,3.16666666666667
74,1,0,0,0,1,1,1,1,13.3939393939394,0,0,0,13.3939393939394,13.3939393939394,13.3939393939394,16.3939393939394
75,1,0,0,0,1,0,0,1,11.3939393939394,0,0,0,11.3939393939394,0,0,14.3939393939394
76,1,0,1,0,1,0,0,0,0.586206896551724,0,0.586206896551724,0,0.586206896551724,0,0,0
77,0,1,1,1,1,1,0,0,0,12.7222222222222,12.7222222222222,12.7222222222222,12.7222222222222,12.7222222222222,0,0
78,0,1,0,1,1,0,0,0,0,17.2592592592593,0,17.2592592592593,17.2592592592593,0,0,0
79,1,0,0,0,1,0,0,0,11.6774193548387,0,0,0,11.6774193548387,0,0,0
80,1,1,0,0,0,1,0,0,16.2307692307692,16.2307692307692,0,0,0,16.2307692307692,0,0
81,1,1,0,1,0,0,1,1,24.2307692307692,24.2307692307692,0,24.2307692307692,0,0,27.2307692307692,27.2307692307692
82,1,1,1,1,0,1,0,1,4.56521739130435,4.56521739130435,4.56521739130435,4.56521739130435,0,4.56521739130435,0,7.56521739130435
83,0,0,1,0,1,0,0,0,0,0,22.1481481481481,0,22.1481481481481,0,0,0
84,0,1,1,1,0,1,1,0,0,25.8461538461538,25.8461538461538,25.8461538461538,0,25.8461538461538,25.8461538461538,0
85,1,0,1,1,0,1,0,1,11.9166666666667,0,11.9166666666667,11.9166666666667,0,11.9166666666667,0,14.9166666666667
86,0,0,1,0,0,0,1,0,0,0,25.7142857142857,0,0,0,28.7142857142857,0
87,1,1,0,1,1,0,1,0,9.4,9.4,0,9.4,9.4,0,9.4,0
88,0,1,0,0,0,0,1,1,0,20.75,0,0,0,0,20.75,23.75
89,0,1,1,1,1,1,1,1,0,7.5,7.5,7.5,7.5,7.5,7.5,7.5
90,1,0,0,0,1,0,0,0,19.3333333333333,0,0,0,19.3333333333333,0,0,0
91,0,1,0,0,0,1,0,0,0,8.37837837837838,0,0,0,8.37837837837838,0,0
92,1,1,0,1,0,1,0,0,0.96551724137931,0.96551724137931,0,0.96551724137931,0,0.96551724137931,0,0
93,1,1,0,1,1,0,1,0,14.3939393939394,14.3939393939394,0,14.3939393939394,14.3939393939394,0,17.3939393939394,0
94,1,0,0,0,0,1,1,0,29.3939393939394,0,0,0,0,29.3939393939394,29.3939393939394,0
95,0,0,0,0,0,1,1,0,0,0,0,0,0,7.46153846153846,10.4615384615385,0
96,0,0,0,1,0,0,0,1,0,0,0,13.75,0,0,0,13.75
97,0,1,1,0,0,1,0,0,0,4.0625,4.0625,0,0,4.0625,0,0
98,1,0,0,1,1,0,0,1,25.5294117647059,0,0,25.5294117647059,25.5294117647059,0,0,28.5294117647059
99,0,0,1,1,0,1,1,0,0,0,6.375,6.375,0,6.375,9.375,0
100,1,0,1,1,1,1,1,0,0.25,0,0.25,0.25,0.25,0.25,0.25,0
101,1,0,1,1,0,0,0,0,25.8461538461538,0,25.8461538461538,25.8461538461538,0,0,0,0
102,1,1,0,0,1,1,0,1,-1.66666666666667,-1.66666666666667,0,0,-1.66666666666667,-1.66666666666667,0,1.33333333333333
103,0,1,0,0,1,0,0,0,0,-1.22222222222222,0,0,-1.22222222222222,0,0,0
104,0,0,0,0,1,0,1,0,0,0,0,0,9,0,9,0
105,0,1,0,0,0,0,0,1,0,1.62068965517241,0,0,0,0,0,4.62068965517241
106,0,1,1,1,0,0,1,0,0,1.57142857142857,1.57142857142857,1.57142857142857,0,0,4.57142857142857,0
107,1,0,1,1,1,1,0,1,0.2,0,0.2,0.2,0.2,0.2,0,0.2
108,0,0,1,0,1,1,0,1,0,0,3.375,0,3.375,3.375,0,6.375
109,1,0,1,0,0,0,1,1,0.285714285714286,0,0.285714285714286,0,0,0,3.28571428571429,0.285714285714286
110,1,0,1,1,1,1,0,1,10.3333333333333,0,10.3333333333333,10.3333333333333,10.3333333333333,10.3333333333333,0,10.3333333333333
111,1,0,0,1,1,1,1,1,3.28571428571429,0,0,3.28571428571429,3.28571428571429,3.28571428571429,6.28571428571429,3.28571428571429
112,1,0,1,1,0,1,0,0,8.56521739130435,0,8.56521739130435,8.56521739130435,0,8.56521739130435,0,0
113,0,0,1,1,1,0,0,0,0,0,2.93103448275862,2.93103448275862,2.93103448275862,0,0,0
114,1,0,0,1,1,1,0,1,22.047619047619,0,0,22.047619047619,22.047619047619,22.047619047619,0,22.047619047619
115,1,0,1,0,0,1,1,0,6.56521739130435,0,6.56521739130435,0,0,6.56521739130435,6.56521739130435,0
116,1,1,1,1,0,1,1,1,10.5714285714286,10.5714285714286,10.5714285714286,10.5714285714286,0,10.5714285714286,13.5714285714286,13.5714285714286
117,0,0,0,1,1,0,1,0,0,0,0,15.4615384615385,15.4615384615385,0,18.4615384615385,0
118,1,0,1,0,0,1,1,1,19.8888888888889,0,19.8888888888889,0,0,19.8888888888889,22.8888888888889,22.8888888888889
119,1,1,0,1,1,0,1,1,14.5365853658537,14.5365853658537,0,14.5365853658537,14.5365853658537,0,17.5365853658537,17.5365853658537
120,1,1,1,1,0,0,1,1,27.1481481481481,27.1481481481481,27.1481481481481,27.1481481481481,0,0,30.1481481481481,27.1481481481481
121,1,1,1,0,0,0,0,0,10.7096774193548,10.7096774193548,10.7096774193548,0,0,0,0,0
122,0,1,0,0,1,1,0,1,0,27.0625,0,0,27.0625,27.0625,0,27.0625
123,0,0,0,1,0,1,1,1,0,0,0,3.57575757575758,0,3.57575757575758,3.57575757575758,6.57575757575758
124,0,0,1,1,1,0,0,0,0,0,17.3548387096774,17.3548387096774,17.3548387096774,0,0,0
125,0,1,1,1,0,0,1,1,0,4.61111111111111,4.61111111111111,4.61111111111111,0,0,7.61111111111111,4.61111111111111
126,0,0,1,0,1,1,0,0,0,0,25.9655172413793,0,25.9655172413793,25.9655172413793,0,0
127,1,1,0,0,1,1,1,1,15.3103448275862,15.3103448275862,0,0,15.3103448275862,15.3103448275862,18.3103448275862,15.3103448275862
128,0,0,0,1,0,1,1,0,0,0,0,12.8571428571429,0,12.8571428571429,15.8571428571429,0
129,0,0,1,1,1,1,0,1,0,0,20.4615384615385,20.4615384615385,20.4615384615385,20.4615384615385,0,20.4615384615385
130,1,1,0,0,0,1,0,0,28.8571428571429,28.8571428571429,0,0,0,28.8571428571429,0,0
131,0,0,1,1,0,1,0,0,0,0,17.4615384615385,17.4615384615385,0,17.4615384615385,0,0
132,0,1,0,1,0,0,0,0,0,1.6969696969697,0,1.6969696969697,0,0,0,0
133,0,0,1,0,0,1,0,0,0,0,0.714285714285714,0,0,0.714285714285714,0,0
134,0,1,0,1,1,1,1,0,0,2.28571428571429,0,2.28571428571429,2.28571428571429,2.28571428571429,2.28571428571429,0
135,0,0,1,0,1,0,0,1,0,0,20.695652173913,0,20.695652173913,0,0,20.695652173913
136,1,1,1,1,0,1,0,0,0.0909090909090908,0.0909090909090908,0.0909090909090908,0.0909090909090908,0,0.0909090909090908,0,0
137,0,1,1,0,1,1,0,1,0,13.8260869565217,13.8260869565217,0,13.8260869565217,13.8260869565217,0,16.8260869565217
138,0,1,1,1,1,0,1,1,0,11.5714285714286,11.5714285714286,11.5714285714286,11.5714285714286,0,14.5714285714286,14.5714285714286
139,0,0,1,1,1,1,0,0,0,0,12.6666666666667,12.6666666666667,12.6666666666667,12.6666666666667,0,0
140,1,1,0,1,0,1,0,0,22.047619047619,22.047619047619,0,22.047619047619,0,22.047619047619,0,0
141,0,0,0,1,0,1,1,0,0,0,0,7.66666666666667,0,7.66666666666667,10.6666666666667,0
142,1,0,0,1,0,0,0,1,22.780487804878,0,0,22.780487804878,0,0,0,22.780487804878
143,1,1,0,0,1,1,1,1,5.35483870967742,5.35483870967742,0,0,5.35483870967742,5.35483870967742,5.35483870967742,5.35483870967742
144,1,0,1,0,1,1,1,1,12.3333333333333,0,12.3333333333333,0,12.3333333333333,12.3333333333333,12.3333333333333,15.3333333333333
145,1,0,1,1,1,1,0,0,18.6428571428571,0,18.6428571428571,18.6428571428571,18.6428571428571,18.6428571428571,0,0
146,0,1,1,1,1,0,0,1,0,0.67741935483871,0.67741935483871,0.67741935483871,0.67741935483871,0,0,0.67741935483871
147,0,1,1,1,0,0,0,1,0,4.76190476190476,4.76190476190476,4.76190476190476,0,0,0,7.76190476190476
148,1,1,1,0,0,1,0,0,17.6551724137931,17.6551724137931,17.6551724137931,0,0,17.6551724137931,0,0
149,0,0,0,0,0,1,0,0,0,0,0,0,0,24.6875,0,0
150,0,0,1,1,1,0,0,0,0,0,10,10,10,0,0,0
151,0,1,1,0,0,0,0,1,0,8.6,8.6,0,0,0,0,8.6
152,1,0,1,0,1,1,0,1,27.047619047619,0,27.047619047619,0,27.047619047619,27.047619047619,0,27.047619047619
153,1,0,0,1,0,1,1,0,26.8571428571429,0,0,26.8571428571429,0,26.8571428571429,26.8571428571429,0
154,0,0,0,0,1,1,0,1,0,0,0,0,2.44444444444444,2.44444444444444,0,5.44444444444444
155,0,1,0,1,0,1,1,0,0,3,0,3,0,3,6,0
156,1,1,0,1,0,0,0,1,-0.363636363636364,-0.363636363636364,0,-0.363636363636364,0,0,0,2.63636363636364
157,0,1,1,0,0,1,0,0,0,19.3181818181818,19.3181818181818,0,0,19.3181818181818,0,0
158,1,0,0,0,1,0,1,1,6.88888888888889,0,0,0,6.88888888888889,0,6.88888888888889,9.88888888888889
159,0,0,1,0,1,1,0,1,0,0,17.1891891891892,0,17.1891891891892,17.1891891891892,0,20.1891891891892
160,0,1,0,0,0,1,1,0,0,27.1666666666667,0,0,0,27.1666666666667,27.1666666666667,0
161,0,0,1,1,0,0,1,1,0,0,0.636363636363636,0.636363636363636,0,0,0.636363636363636,0.636363636363636
162,1,1,0,0,0,1,1,0,-1.21212121212121,-1.21212121212121,0,0,0,-1.21212121212121,1.78787878787879,0
163,0,0,0,1,0,1,0,1,0,0,0,25.6428571428571,0,25.6428571428571,0,25.6428571428571
164,0,1,0,0,0,1,0,1,0,24.5833333333333,0,0,0,24.5833333333333,0,24.5833333333333
165,1,0,0,1,0,1,0,1,18.0952380952381,0,0,18.0952380952381,0,18.0952380952381,0,18.0952380952381
166,0,0,0,0,0,0,0,0,0,0,0,0,0,0,0,0
167,0,1,1,0,1,1,0,0,0,4,4,0,4,4,0,0
168,0,1,1,0,0,1,0,1,0,5,5,0,0,5,0,5
169,0,0,1,0,1,1,1,1,0,0,23.2592592592593,0,23.2592592592593,23.2592592592593,23.2592592592593,26.2592592592593
170,1,1,0,0,0,0,0,1,5.28571428571429,5.28571428571429,0,0,0,0,0,8.28571428571428
171,0,1,0,0,0,1,1,1,0,3.72727272727273,0,0,0,3.72727272727273,6.72727272727273,6.72727272727273
172,0,1,0,1,1,1,0,0,0,15.75,0,15.75,15.75,15.75,0,0
173,0,1,0,1,1,1,0,0,0,21.1428571428571,0,21.1428571428571,21.1428571428571,21.1428571428571,0,0
174,0,1,0,1,1,0,1,0,0,9.75,0,9.75,9.75,0,9.75,0
175,0,0,0,0,0,0,1,1,0,0,0,0,0,0,27.0625,24.0625
176,0,0,0,0,0,0,0,0,0,0,0,0,0,0,0,0
177,1,1,1,0,1,1,1,0,10.3333333333333,10.3333333333333,10.3333333333333,0,10.3333333333333,10.3333333333333,10.3333333333333,0
178,1,0,0,1,0,1,0,0,28.1304347826087,0,0,28.1304347826087,0,28.1304347826087,0,0
179,1,0,0,0,1,0,1,1,-1.07142857142857,0,0,0,-1.07142857142857,0,-1.07142857142857,1.92857142857143
180,0,0,0,1,0,0,0,1,0,0,0,3.0625,0,0,0,3.0625
181,0,1,0,1,0,0,0,1,0,5.94736842105263,0,5.94736842105263,0,0,0,5.94736842105263
182,1,1,0,0,0,0,1,0,20.3103448275862,20.3103448275862,0,0,0,0,20.3103448275862,0
183,1,0,1,1,1,0,1,0,14.5,0,14.5,14.5,14.5,0,14.5,0
184,1,0,0,0,1,0,0,1,18,0,0,0,18,0,0,21
185,1,0,0,1,1,0,1,0,10.3103448275862,0,0,10.3103448275862,10.3103448275862,0,10.3103448275862,0
186,1,0,0,0,0,1,1,0,5.125,0,0,0,0,5.125,8.125,0
187,1,0,1,0,0,1,1,0,5.84615384615385,0,5.84615384615385,0,0,5.84615384615385,8.84615384615385,0
188,1,1,1,1,0,0,0,1,14,14,14,14,0,0,0,17
189,0,0,0,0,0,1,0,1,0,0,0,0,0,5.84615384615385,0,8.84615384615385
190,0,1,0,1,0,0,1,1,0,25,0,25,0,0,28,28
191,0,1,1,1,0,1,1,0,0,2.48717948717949,2.48717948717949,2.48717948717949,0,2.48717948717949,2.48717948717949,0
192,0,1,0,1,1,1,0,1,0,29.1304347826087,0,29.1304347826087,29.1304347826087,29.1304347826087,0,29.1304347826087
193,0,0,1,0,1,0,0,0,0,0,16.7777777777778,0,16.7777777777778,0,0,0
194,0,1,0,0,0,0,0,0,0,5.16666666666667,0,0,0,0,0,0
195,1,0,0,0,1,0,0,1,3.38709677419355,0,0,0,3.38709677419355,0,0,6.38709677419355
196,1,1,1,0,1,1,0,0,18.7368421052632,18.7368421052632,18.7368421052632,0,18.7368421052632,18.7368421052632,0,0
197,0,0,1,0,1,0,1,1,0,0,13.4117647058824,0,13.4117647058824,0,13.4117647058824,16.4117647058824
198,0,1,1,0,1,1,0,1,0,7.77777777777778,7.77777777777778,0,7.77777777777778,7.77777777777778,0,7.77777777777778
199,1,1,0,1,0,1,1,0,28.2,28.2,0,28.2,0,28.2,28.2,0
200,0,1,1,0,0,1,1,0,0,13.2307692307692,13.2307692307692,0,0,13.2307692307692,13.2307692307692,0
201,0,0,1,0,1,1,1,0,0,0,-1.51515151515152,0,-1.51515151515152,-1.51515151515152,1.48484848484848,0
202,1,1,1,1,1,0,0,0,28.3103448275862,28.3103448275862,28.3103448275862,28.3103448275862,28.3103448275862,0,0,0
203,1,0,0,0,0,1,1,1,0.787878787878788,0,0,0,0,0.787878787878788,3.78787878787879,0.787878787878788
204,0,0,1,1,0,1,0,0,0,0,15.3076923076923,15.3076923076923,0,15.3076923076923,0,0
205,0,1,0,0,1,1,0,0,0,23.3103448275862,0,0,23.3103448275862,23.3103448275862,0,0
206,1,1,0,1,1,0,0,0,12.4594594594595,12.4594594594595,0,12.4594594594595,12.4594594594595,0,0,0
207,0,0,0,1,1,1,1,1,0,0,0,21.1666666666667,21.1666666666667,21.1666666666667,24.1666666666667,24.1666666666667
208,1,1,0,1,0,0,1,0,13.6551724137931,13.6551724137931,0,13.6551724137931,0,0,13.6551724137931,0
209,0,1,1,0,1,0,1,0,0,10.9166666666667,10.9166666666667,0,10.9166666666667,0,10.9166666666667,0
210,1,1,0,0,0,1,0,0,10.7142857142857,10.7142857142857,0,0,0,10.7142857142857,0,0
211,1,1,1,0,1,1,0,1,23.6666666666667,23.6666666666667,23.6666666666667,0,23.6666666666667,23.6666666666667,0,23.6666666666667
212,0,0,0,1,1,1,0,0,0,0,0,1,1,1,0,0
213,1,1,0,1,0,0,1,0,13.1428571428571,13.1428571428571,0,13.1428571428571,0,0,16.1428571428571,0
214,1,0,0,1,1,0,0,1,13.8888888888889,0,0,13.8888888888889,13.8888888888889,0,0,16.8888888888889
215,0,1,0,1,1,1,1,1,0,21.2608695652174,0,21.2608695652174,21.2608695652174,21.2608695652174,24.2608695652174,24.2608695652174
216,0,0,0,1,1,1,0,0,0,0,0,8.6,8.6,8.6,0,0
217,0,1,1,0,0,0,1,0,0,13.3870967741935,13.3870967741935,0,0,0,16.3870967741935,0
218,0,0,1,0,1,1,0,1,0,0,24.9310344827586,0,24.9310344827586,24.9310344827586,0,27.9310344827586
219,0,0,0,0,0,1,1,0,0,0,0,0,0,6.0625,6.0625,0
220,0,1,0,0,0,0,0,0,0,16.3333333333333,0,0,0,0,0,0
221,0,1,0,0,0,0,1,0,0,6.27586206896552,0,0,0,0,6.27586206896552,0
222,1,0,0,0,0,1,0,1,18.6666666666667,0,0,0,0,18.6666666666667,0,18.6666666666667
223,1,1,1,1,0,1,0,0,4,4,4,4,0,4,0,0
224,1,1,0,1,1,1,0,0,0.148936170212766,0.148936170212766,0,0.148936170212766,0.148936170212766,0.148936170212766,0,0
225,0,0,1,0,1,0,1,1,0,0,9.33333333333333,0,9.33333333333333,0,12.3333333333333,12.3333333333333
226,0,0,0,0,0,1,1,0,0,0,0,0,0,19.4074074074074,22.4074074074074,0
227,1,1,0,0,0,0,1,0,8.88888888888889,8.88888888888889,0,0,0,0,11.8888888888889,0
228,0,1,0,0,1,0,1,0,0,20.0322580645161,0,0,20.0322580645161,0,23.0322580645161,0
229,0,1,1,1,0,0,1,1,0,16.1891891891892,16.1891891891892,16.1891891891892,0,0,19.1891891891892,19.1891891891892
230,1,0,1,0,0,0,0,1,18.2608695652174,0,18.2608695652174,0,0,0,0,21.2608695652174
231,0,1,1,0,1,0,1,0,0,5.54545454545454,5.54545454545454,0,5.54545454545454,0,8.54545454545454,0
232,0,1,1,1,0,1,1,0,0,0.75,0.75,0.75,0,0.75,0.75,0
233,1,0,1,0,1,0,0,0,15.0322580645161,0,15.0322580645161,0,15.0322580645161,0,0,0
234,0,0,0,1,0,0,1,1,0,0,0,26.2857142857143,0,0,26.2857142857143,26.2857142857143
235,0,0,1,0,0,1,1,0,0,0,18.1428571428571,0,0,18.1428571428571,21.1428571428571,0
236,0,0,1,0,0,0,1,0,0,0,10.2142857142857,0,0,0,10.2142857142857,0
237,0,1,0,0,0,0,1,0,0,15.6428571428571,0,0,0,0,18.6428571428571,0
238,1,1,0,1,0,0,1,1,21.3548387096774,21.3548387096774,0,21.3548387096774,0,0,21.3548387096774,24.3548387096774
239,1,1,0,0,1,0,0,0,14.8888888888889,14.8888888888889,0,0,14.8888888888889,0,0,0
240,1,0,1,0,1,0,1,0,2.62068965517241,0,2.62068965517241,0,2.62068965517241,0,5.62068965517241,0
241,1,0,1,1,0,0,1,0,14.7777777777778,0,14.7777777777778,14.7777777777778,0,0,17.7777777777778,0
242,1,1,1,0,0,1,1,1,13,13,13,0,0,13,13,16
243,0,0,1,1,1,0,1,0,0,0,17.8461538461538,17.8461538461538,17.8461538461538,0,20.8461538461538,0
244,1,0,1,0,1,0,0,0,7.2,0,7.2,0,7.2,0,0,0
245,1,1,1,1,0,0,1,1,11.4375,11.4375,11.4375,11.4375,0,0,11.4375,14.4375
246,1,0,1,1,0,1,1,1,19.75,0,19.75,19.75,0,19.75,19.75,22.75
247,1,1,0,1,0,1,0,0,14.6153846153846,14.6153846153846,0,14.6153846153846,0,14.6153846153846,0,0
248,1,1,0,1,1,0,0,0,7.84615384615385,7.84615384615385,0,7.84615384615385,7.84615384615385,0,0,0
249,0,1,0,1,1,0,0,1,0,7,0,7,7,0,0,7
250,1,0,1,0,1,0,0,1,12.0769230769231,0,12.0769230769231,0,12.0769230769231,0,0,12.0769230769231
251,1,1,0,0,0,0,1,1,2.03225806451613,2.03225806451613,0,0,0,0,2.03225806451613,5.03225806451613
252,0,1,1,0,1,1,1,0,0,19.0645161290323,19.0645161290323,0,19.0645161290323,19.0645161290323,22.0645161290323,0
253,0,1,1,1,1,0,0,0,0,21.0322580645161,21.0322580645161,21.0322580645161,21.0322580645161,0,0,0
254,1,0,0,1,1,0,0,0,25,0,0,25,25,0,0,0
255,0,1,0,0,1,1,1,1,0,8.6551724137931,0,0,8.6551724137931,8.6551724137931,8.6551724137931,11.6551724137931
256,1,1,1,1,1,1,1,0,11.3548387096774,11.3548387096774,11.3548387096774,11.3548387096774,11.3548387096774,11.3548387096774,14.3548387096774,0
257,0,1,0,0,0,1,0,1,0,12.5185185185185,0,0,0,12.5185185185185,0,12.5185185185185
258,0,1,1,1,0,1,0,0,0,9.70588235294118,9.70588235294118,9.70588235294118,0,9.70588235294118,0,0
259,0,0,0,1,0,1,0,0,0,0,0,20.6428571428571,0,20.6428571428571,0,0
260,0,1,1,1,1,0,1,0,0,28.4444444444444,28.4444444444444,28.4444444444444,28.4444444444444,0,31.4444444444444,0
261,0,1,0,1,1,1,0,1,0,6.39393939393939,0,6.39393939393939,6.39393939393939,6.39393939393939,0,6.39393939393939
262,1,0,1,1,1,1,1,1,15.1176470588235,0,15.1176470588235,15.1176470588235,15.1176470588235,15.1176470588235,15.1176470588235,15.1176470588235
263,0,0,1,0,1,0,1,0,0,0,16.8571428571429,0,16.8571428571429,0,16.8571428571429,0
264,1,0,0,0,0,0,1,1,1.71428571428571,0,0,0,0,0,1.71428571428571,1.71428571428571
265,1,1,0,0,1,0,0,0,16.5238095238095,16.5238095238095,0,0,16.5238095238095,0,0,0
266,0,1,0,0,1,0,0,1,0,17.5652173913043,0,0,17.5652173913043,0,0,17.5652173913043
267,0,0,0,0,1,1,1,1,0,0,0,0,2.48484848484848,2.48484848484848,5.48484848484848,5.48484848484848
268,1,0,0,0,1,0,1,1,12.3333333333333,0,0,0,12.3333333333333,0,12.3333333333333,12.3333333333333
269,1,1,0,1,0,0,0,0,22.5,22.5,0,22.5,0,0,0,0
270,1,0,1,1,0,1,0,1,-0.344827586206897,0,-0.344827586206897,-0.344827586206897,0,-0.344827586206897,0,-0.344827586206897
271,1,0,0,0,1,1,1,1,11.6875,0,0,0,11.6875,11.6875,11.6875,14.6875
272,0,0,0,0,1,1,1,0,0,0,0,0,20.2592592592593,20.2592592592593,23.2592592592593,0
273,1,0,1,1,0,1,1,1,26.8260869565217,0,26.8260869565217,26.8260869565217,0,26.8260869565217,26.8260869565217,26.8260869565217
274,0,0,1,0,1,0,0,1,0,0,10.3913043478261,0,10.3913043478261,0,0,13.3913043478261
275,1,1,0,1,1,0,0,0,6.75,6.75,0,6.75,6.75,0,0,0
276,0,1,0,1,0,1,1,0,0,0.518518518518519,0,0.518518518518519,0,0.518518518518519,3.51851851851852,0
277,1,1,1,1,0,0,0,1,0.67741935483871,0.67741935483871,0.67741935483871,0.67741935483871,0,0,0,0.67741935483871
278,1,1,0,1,1,1,0,0,6.85714285714286,6.85714285714286,0,6.85714285714286,6.85714285714286,6.85714285714286,0,0
279,1,0,0,0,0,0,1,0,19.1891891891892,0,0,0,0,0,22.1891891891892,0
280,1,0,0,1,1,0,0,1,4.62068965517241,0,0,4.62068965517241,4.62068965517241,0,0,7.62068965517241
281,0,0,0,1,0,0,1,1,0,0,0,17.375,0,0,20.375,17.375
282,1,0,0,1,1,0,1,0,6.75609756097561,0,0,6.75609756097561,6.75609756097561,0,9.75609756097561,0
283,1,0,0,0,1,0,1,0,26.7435897435897,0,0,0,26.7435897435897,0,29.7435897435897,0
284,0,1,1,1,0,1,0,0,0,26.4615384615385,26.4615384615385,26.4615384615385,0,26.4615384615385,0,0
285,1,0,1,0,0,1,0,0,21.375,0,21.375,0,0,21.375,0,0
286,1,1,0,1,0,0,0,1,11.5714285714286,11.5714285714286,0,11.5714285714286,0,0,0,11.5714285714286
287,1,0,1,0,0,0,0,1,13.3333333333333,0,13.3333333333333,0,0,0,0,13.3333333333333
288,1,0,1,1,0,1,0,0,0.0625,0,0.0625,0.0625,0,0.0625,0,0
289,0,1,0,0,0,0,1,1,0,23.8,0,0,0,0,26.8,26.8
290,0,0,1,1,0,1,0,1,0,0,14,14,0,14,0,17
291,1,1,1,1,1,0,1,0,17.9285714285714,17.9285714285714,17.9285714285714,17.9285714285714,17.9285714285714,0,20.9285714285714,0
292,0,1,1,0,0,0,0,1,0,8.47368421052632,8.47368421052632,0,0,0,0,11.4736842105263
293,1,1,0,1,0,0,0,0,24.2857142857143,24.2857142857143,0,24.2857142857143,0,0,0,0
294,1,0,1,0,1,0,1,0,23.1428571428571,0,23.1428571428571,0,23.1428571428571,0,23.1428571428571,0
295,0,1,0,0,1,1,0,1,0,0.571428571428572,0,0,0.571428571428572,0.571428571428572,0,3.57142857142857
296,0,1,1,1,1,1,0,1,0,0.259259259259259,0.259259259259259,0.259259259259259,0.259259259259259,0.259259259259259,0,0.259259259259259
297,0,1,0,1,1,0,0,1,0,5,0,5,5,0,0,8
298,0,1,0,0,0,1,0,0,0,1.33333333333333,0,0,0,1.33333333333333,0,0
299,0,0,1,1,1,0,0,1,0,0,2.6969696969697,2.6969696969697,2.6969696969697,0,0,2.6969696969697
300,1,0,1,1,1,1,0,0,5.6551724137931,0,5.6551724137931,5.6551724137931,5.6551724137931,5.6551724137931,0,0
301,1,0,1,1,0,0,0,0,14.9189189189189,0,14.9189189189189,14.9189189189189,0,0,0,0
302,0,0,1,0,1,0,0,0,0,0,9.48484848484848,0,9.48484848484848,0,0,0
303,0,1,1,1,1,0,0,0,0,-3.33333333333333,-3.33333333333333,-3.33333333333333,-3.33333333333333,0,0,0
304,0,0,1,1,1,1,0,1,0,0,28.9655172413793,28.9655172413793,28.9655172413793,28.9655172413793,0,31.9655172413793
305,1,0,0,0,0,1,1,1,14.4,0,0,0,0,14.4,14.4,17.4
306,0,0,0,0,1,0,0,0,0,0,0,0,10.0909090909091,0,0,0
307,1,0,0,0,1,0,1,1,11.6875,0,0,0,11.6875,0,11.6875,14.6875
308,0,1,0,0,1,0,1,0,0,-1.08108108108108,0,0,-1.08108108108108,0,-1.08108108108108,0
309,0,0,1,0,1,0,0,0,0,0,9.28571428571429,0,9.28571428571429,0,0,0
310,0,1,0,0,1,0,0,0,0,7.31034482758621,0,0,7.31034482758621,0,0,0
311,0,0,1,1,1,0,1,1,0,0,1,1,1,0,4,1
312,1,0,0,0,1,1,1,1,17.2857142857143,0,0,0,17.2857142857143,17.2857142857143,20.2857142857143,20.2857142857143
313,0,0,1,1,0,1,1,0,0,0,28.2592592592593,28.2592592592593,0,28.2592592592593,31.2592592592593,0
314,0,1,0,0,1,1,1,1,0,27.2857142857143,0,0,27.2857142857143,27.2857142857143,27.2857142857143,30.2857142857143
315,0,1,1,1,0,0,1,0,0,20,20,20,0,0,23,0
316,1,1,1,0,0,0,0,1,14.2352941176471,14.2352941176471,14.2352941176471,0,0,0,0,14.2352941176471
317,1,1,0,1,1,1,1,0,27.1428571428571,27.1428571428571,0,27.1428571428571,27.1428571428571,27.1428571428571,27.1428571428571,0
318,1,0,1,1,1,1,1,0,30,0,30,30,30,30,30,0
319,1,1,1,0,0,1,1,0,20.3333333333333,20.3333333333333,20.3333333333333,0,0,20.3333333333333,20.3333333333333,0
320,1,0,1,0,1,0,0,0,2.91891891891892,0,2.91891891891892,0,2.91891891891892,0,0,0
321,0,0,0,0,1,1,0,1,0,0,0,0,24.1176470588235,24.1176470588235,0,24.1176470588235
322,0,1,0,1,0,1,0,0,0,21.1666666666667,0,21.1666666666667,0,21.1666666666667,0,0
323,0,0,0,0,1,0,0,1,0,0,0,0,8.48717948717949,0,0,8.48717948717949
324,0,1,1,1,0,0,0,1,0,1.88888888888889,1.88888888888889,1.88888888888889,0,0,0,4.88888888888889
325,1,1,0,0,1,1,0,0,2.71794871794872,2.71794871794872,0,0,2.71794871794872,2.71794871794872,0,0
326,1,0,1,1,1,0,0,1,14.9310344827586,0,14.9310344827586,14.9310344827586,14.9310344827586,0,0,14.9310344827586
327,1,1,1,0,1,0,1,1,25,25,25,0,25,0,28,28
328,1,1,1,1,1,0,0,0,13.5,13.5,13.5,13.5,13.5,0,0,0
329,1,1,1,0,0,0,1,1,10.8235294117647,10.8235294117647,10.8235294117647,0,0,0,10.8235294117647,13.8235294117647
330,0,1,1,1,0,1,0,0,0,21.4285714285714,21.4285714285714,21.4285714285714,0,21.4285714285714,0,0
331,0,1,0,1,0,0,0,1,0,13.6486486486486,0,13.6486486486486,0,0,0,16.6486486486486
332,1,0,1,1,0,0,0,1,21.974358974359,0,21.974358974359,21.974358974359,0,0,0,24.974358974359
333,1,1,1,0,1,1,0,0,29.1891891891892,29.1891891891892,29.1891891891892,0,29.1891891891892,29.1891891891892,0,0
334,1,1,0,1,0,1,0,1,6.03225806451613,6.03225806451613,0,6.03225806451613,0,6.03225806451613,0,6.03225806451613
335,0,0,0,1,1,0,0,0,0,0,0,-0.588235294117647,-0.588235294117647,0,0,0
336,1,1,1,1,1,1,1,0,20.0322580645161,20.0322580645161,20.0322580645161,20.0322580645161,20.0322580645161,20.0322580645161,23.0322580645161,0
337,1,1,0,0,0,0,0,0,25.6428571428571,25.6428571428571,0,0,0,0,0,0
338,1,0,0,0,1,0,1,1,9.16666666666667,0,0,0,9.16666666666667,0,12.1666666666667,12.1666666666667
339,1,0,0,1,0,0,0,1,24.5,0,0,24.5,0,0,0,24.5
340,1,0,0,0,0,0,1,1,17.5,0,0,0,0,0,20.5,17.5
341,0,1,1,0,1,1,1,0,0,24.2857142857143,24.2857142857143,0,24.2857142857143,24.2857142857143,24.2857142857143,0
342,1,0,1,1,0,1,0,0,14.1818181818182,0,14.1818181818182,14.1818181818182,0,14.1818181818182,0,0
343,0,1,0,0,0,1,0,0,0,20,0,0,0,20,0,0
344,1,0,1,1,1,1,1,0,0,0,0,0,0,0,0,0
345,1,1,1,1,1,1,0,1,13.9655172413793,13.9655172413793,13.9655172413793,13.9655172413793,13.9655172413793,13.9655172413793,0,13.9655172413793
346,1,1,0,1,0,0,1,0,25.8181818181818,25.8181818181818,0,25.8181818181818,0,0,25.8181818181818,0
347,1,0,1,0,0,1,1,1,12.1304347826087,0,12.1304347826087,0,0,12.1304347826087,15.1304347826087,12.1304347826087
348,0,0,1,0,1,1,1,1,0,0,26.8888888888889,0,26.8888888888889,26.8888888888889,26.8888888888889,26.8888888888889
349,1,1,0,1,1,0,1,1,19.1891891891892,19.1891891891892,0,19.1891891891892,19.1891891891892,0,22.1891891891892,19.1891891891892
350,0,0,1,0,1,0,0,0,0,0,11.3333333333333,0,11.3333333333333,0,0,0
351,0,1,1,1,1,0,0,1,0,23.4615384615385,23.4615384615385,23.4615384615385,23.4615384615385,0,0,26.4615384615385
352,0,1,1,1,0,0,0,1,0,12,12,12,0,0,0,12
353,0,1,1,0,0,0,1,1,0,18.695652173913,18.695652173913,0,0,0,21.695652173913,21.695652173913
354,0,0,1,0,0,1,1,1,0,0,13,0,0,13,16,16
355,1,0,1,0,1,0,1,1,9.77272727272727,0,9.77272727272727,0,9.77272727272727,0,12.7727272727273,9.77272727272727
356,0,1,0,0,1,1,1,0,0,6.23076923076923,0,0,6.23076923076923,6.23076923076923,9.23076923076923,0
357,0,1,1,1,1,1,0,0,0,28.1666666666667,28.1666666666667,28.1666666666667,28.1666666666667,28.1666666666667,0,0
358,0,0,0,1,1,0,1,1,0,0,0,15.7142857142857,15.7142857142857,0,15.7142857142857,15.7142857142857
359,1,0,1,1,1,0,1,0,4.62068965517241,0,4.62068965517241,4.62068965517241,4.62068965517241,0,4.62068965517241,0
360,1,1,0,1,1,0,1,1,23.2592592592593,23.2592592592593,0,23.2592592592593,23.2592592592593,0,23.2592592592593,23.2592592592593
361,1,1,0,0,0,1,1,1,5.46153846153846,5.46153846153846,0,0,0,5.46153846153846,8.46153846153846,8.46153846153846
362,1,1,1,1,1,0,1,0,15.6206896551724,15.6206896551724,15.6206896551724,15.6206896551724,15.6206896551724,0,18.6206896551724,0
363,0,0,1,0,0,0,0,1,0,0,8.2,0,0,0,0,11.2
364,1,1,1,1,1,1,0,0,11.6666666666667,11.6666666666667,11.6666666666667,11.6666666666667,11.6666666666667,11.6666666666667,0,0
365,0,0,0,0,1,1,1,0,0,0,0,0,-1.08108108108108,-1.08108108108108,1.91891891891892,0
366,0,0,1,0,1,1,1,0,0,0,12.6296296296296,0,12.6296296296296,12.6296296296296,15.6296296296296,0
367,0,0,0,1,0,1,0,0,0,0,0,1.6,0,1.6,0,0
368,1,0,1,1,0,0,1,1,21.3333333333333,0,21.3333333333333,21.3333333333333,0,0,21.3333333333333,21.3333333333333
369,1,0,1,1,0,1,1,0,16.7142857142857,0,16.7142857142857,16.7142857142857,0,16.7142857142857,16.7142857142857,0
370,1,1,1,1,1,0,0,1,2,2,2,2,2,0,0,5
371,0,0,0,0,1,0,1,0,0,0,0,0,18.3939393939394,0,21.3939393939394,0
372,1,0,1,0,1,1,0,0,7.85714285714286,0,7.85714285714286,0,7.85714285714286,7.85714285714286,0,0
373,0,0,1,1,0,0,1,0,0,0,19.5833333333333,19.5833333333333,0,0,22.5833333333333,0
374,0,0,0,1,1,1,1,1,0,0,0,-1,-1,-1,-1,2
375,0,0,0,1,0,0,0,0,0,0,0,16.1891891891892,0,0,0,0
376,1,0,1,1,1,1,1,1,6.6875,0,6.6875,6.6875,6.6875,6.6875,9.6875,9.6875
377,0,0,0,1,0,0,0,0,0,0,0,24.75,0,0,0,0
378,1,0,1,1,1,0,1,1,14.1304347826087,0,14.1304347826087,14.1304347826087,14.1304347826087,0,17.1304347826087,14.1304347826087
379,1,0,1,0,0,1,1,1,4.51851851851852,0,4.51851851851852,0,0,4.51851851851852,7.51851851851852,7.51851851851852
380,0,0,1,0,0,0,0,1,0,0,27,0,0,0,0,27
381,0,1,0,0,1,0,1,0,0,17.4594594594595,0,0,17.4594594594595,0,20.4594594594595,0
382,1,1,1,1,0,0,0,1,22.3913043478261,22.3913043478261,22.3913043478261,22.3913043478261,0,0,0,22.3913043478261
383,1,0,1,0,0,0,1,0,0.285714285714286,0,0.285714285714286,0,0,0,3.28571428571429,0
384,0,0,1,0,1,1,1,0,0,0,22.7878787878788,0,22.7878787878788,22.7878787878788,22.7878787878788,0
385,0,0,0,0,1,0,0,0,0,0,0,0,9.51219512195122,0,0,0
386,1,0,1,1,1,0,0,1,2.81818181818182,0,2.81818181818182,2.81818181818182,2.81818181818182,0,0,2.81818181818182
387,0,0,0,0,1,1,1,0,0,0,0,0,7.42857142857143,7.42857142857143,10.4285714285714,0
388,1,1,0,1,0,0,1,0,23.0625,23.0625,0,23.0625,0,0,23.0625,0
389,0,1,0,1,0,0,0,0,0,29.2857142857143,0,29.2857142857143,0,0,0,0
390,0,1,1,0,1,1,1,1,0,18.8235294117647,18.8235294117647,0,18.8235294117647,18.8235294117647,21.8235294117647,21.8235294117647
391,1,1,0,1,0,0,0,1,3.09090909090909,3.09090909090909,0,3.09090909090909,0,0,0,6.09090909090909
392,0,1,0,1,0,1,0,0,0,0.259259259259259,0,0.259259259259259,0,0.259259259259259,0,0
393,1,1,1,1,1,1,0,0,27.6206896551724,27.6206896551724,27.6206896551724,27.6206896551724,27.6206896551724,27.6206896551724,0,0
394,1,1,1,0,1,1,0,0,16.4444444444444,16.4444444444444,16.4444444444444,0,16.4444444444444,16.4444444444444,0,0
395,0,0,0,1,1,0,1,0,0,0,0,20.5185185185185,20.5185185185185,0,23.5185185185185,0
396,1,0,0,0,1,1,0,0,1.66666666666667,0,0,0,1.66666666666667,1.66666666666667,0,0
397,1,0,1,0,0,1,0,0,0.4375,0,0.4375,0,0,0.4375,0,0
398,1,1,0,1,1,0,1,0,20.5714285714286,20.5714285714286,0,20.5714285714286,20.5714285714286,0,23.5714285714286,0
399,0,0,1,0,0,0,0,0,0,0,9.67741935483871,0,0,0,0,0
400,1,1,1,0,0,1,0,1,18.8571428571429,18.8571428571429,18.8571428571429,0,0,18.8571428571429,0,18.8571428571429
401,1,1,0,1,0,0,1,0,7.31034482758621,7.31034482758621,0,7.31034482758621,0,0,7.31034482758621,0
402,0,1,0,0,0,0,0,0,0,-3.91304347826087,0,0,0,0,0,0
403,1,0,1,1,1,0,0,0,-0.290322580645161,0,-0.290322580645161,-0.290322580645161,-0.290322580645161,0,0,0
404,0,0,1,0,0,0,0,0,0,0,28.0909090909091,0,0,0,0,0
405,1,0,0,0,1,1,1,1,14.3870967741935,0,0,0,14.3870967741935,14.3870967741935,17.3870967741935,14.3870967741935
406,1,1,1,1,1,1,0,1,19.9285714285714,19.9285714285714,19.9285714285714,19.9285714285714,19.9285714285714,19.9285714285714,0,19.9285714285714
407,0,0,1,1,0,1,1,0,0,0,3.92857142857143,3.92857142857143,0,3.92857142857143,3.92857142857143,0
408,0,1,1,0,1,0,0,0,0,13.4444444444444,13.4444444444444,0,13.4444444444444,0,0,0
409,0,0,1,1,0,1,1,0,0,0,1.31034482758621,1.31034482758621,0,1.31034482758621,1.31034482758621,0
410,0,0,1,1,0,1,0,1,0,0,-0.0526315789473684,-0.0526315789473684,0,-0.0526315789473684,0,2.94736842105263
411,0,1,0,1,1,0,0,0,0,29.6875,0,29.6875,29.6875,0,0,0
412,1,1,1,1,1,1,0,0,14.5,14.5,14.5,14.5,14.5,14.5,0,0
413,0,1,1,1,0,1,1,0,0,25.6551724137931,25.6551724137931,25.6551724137931,0,25.6551724137931,25.6551724137931,0
414,0,0,0,0,0,1,0,1,0,0,0,0,0,16.2592592592593,0,16.2592592592593
415,1,0,0,1,1,1,1,0,7.6875,0,0,7.6875,7.6875,7.6875,7.6875,0
416,0,1,1,0,1,1,0,1,0,4.85714285714286,4.85714285714286,0,4.85714285714286,4.85714285714286,0,7.85714285714286
417,0,0,0,1,1,0,1,1,0,0,0,9.09090909090909,9.09090909090909,0,9.09090909090909,9.09090909090909
418,0,0,1,1,1,0,0,1,0,0,23.7222222222222,23.7222222222222,23.7222222222222,0,0,26.7222222222222
419,0,1,1,1,0,1,0,0,0,11,11,11,0,11,0,0
420,0,0,1,0,0,1,0,0,0,0,3,0,0,3,0,0
421,1,1,1,1,0,0,0,0,5.52380952380952,5.52380952380952,5.52380952380952,5.52380952380952,0,0,0,0
422,0,0,0,1,1,1,1,1,0,0,0,-0.608695652173913,-0.608695652173913,-0.608695652173913,-0.608695652173913,-0.608695652173913
423,1,0,0,1,0,0,1,1,20.1176470588235,0,0,20.1176470588235,0,0,20.1176470588235,23.1176470588235
424,1,1,0,0,1,1,0,0,0,0,0,0,0,0,0,0
425,0,1,0,0,1,0,1,1,0,3,0,0,3,0,3,3
426,1,1,0,1,1,1,0,1,8.85714285714286,8.85714285714286,0,8.85714285714286,8.85714285714286,8.85714285714286,0,11.8571428571429
427,1,1,0,1,1,1,1,1,17,17,0,17,17,17,17,20
428,1,0,0,1,0,1,0,1,22.2307692307692,0,0,22.2307692307692,0,22.2307692307692,0,22.2307692307692
429,0,1,1,0,0,0,0,0,0,19.3333333333333,19.3333333333333,0,0,0,0,0
430,0,1,0,1,1,0,1,1,0,27.125,0,27.125,27.125,0,30.125,27.125
431,0,1,1,1,0,0,0,1,0,5.69565217391304,5.69565217391304,5.69565217391304,0,0,0,8.69565217391304
432,0,0,1,0,0,0,1,0,0,0,2.61538461538462,0,0,0,2.61538461538462,0
433,1,0,0,0,0,1,0,0,29.7619047619048,0,0,0,0,29.7619047619048,0,0
434,1,1,0,0,1,1,1,0,4.28571428571429,4.28571428571429,0,0,4.28571428571429,4.28571428571429,7.28571428571429,0
435,0,0,1,0,1,1,0,0,0,0,28.9285714285714,0,28.9285714285714,28.9285714285714,0,0
436,1,0,0,1,0,1,0,0,24.4848484848485,0,0,24.4848484848485,0,24.4848484848485,0,0
437,0,1,1,1,0,0,0,1,0,4.57142857142857,4.57142857142857,4.57142857142857,0,0,0,4.57142857142857
438,1,0,1,0,1,0,0,1,20.8888888888889,0,20.8888888888889,0,20.8888888888889,0,0,20.8888888888889
439,0,0,1,1,1,1,1,0,0,0,25.4848484848485,25.4848484848485,25.4848484848485,25.4848484848485,28.4848484848485,0
440,1,0,1,1,1,1,1,1,25.3548387096774,0,25.3548387096774,25.3548387096774,25.3548387096774,25.3548387096774,25.3548387096774,28.3548387096774
441,0,1,1,0,1,0,0,0,0,13.75,13.75,0,13.75,0,0,0
442,0,1,0,1,1,0,1,1,0,19.1818181818182,0,19.1818181818182,19.1818181818182,0,19.1818181818182,22.1818181818182
443,1,0,1,0,0,1,0,0,14.3103448275862,0,14.3103448275862,0,0,14.3103448275862,0,0
444,1,0,0,0,0,0,0,0,11.8965517241379,0,0,0,0,0,0,0
445,1,1,1,0,0,1,1,1,18.3548387096774,18.3548387096774,18.3548387096774,0,0,18.3548387096774,18.3548387096774,18.3548387096774
446,1,1,1,1,0,1,0,1,16.4871794871795,16.4871794871795,16.4871794871795,16.4871794871795,0,16.4871794871795,0,16.4871794871795
447,0,0,0,1,1,0,1,0,0,0,0,23.6153846153846,23.6153846153846,0,26.6153846153846,0
448,1,0,1,0,1,0,1,1,12.3333333333333,0,12.3333333333333,0,12.3333333333333,0,12.3333333333333,12.3333333333333
449,0,0,1,0,0,0,0,0,0,0,7.28571428571429,0,0,0,0,0
450,1,0,1,0,1,1,0,0,7.92857142857143,0,7.92857142857143,0,7.92857142857143,7.92857142857143,0,0
451,0,0,1,0,1,1,0,0,0,0,14.6206896551724,0,14.6206896551724,14.6206896551724,0,0
452,0,1,1,0,0,1,1,0,0,-1.27272727272727,-1.27272727272727,0,0,-1.27272727272727,-1.27272727272727,0
453,0,0,1,0,1,1,1,1,0,0,19.8571428571429,0,19.8571428571429,19.8571428571429,19.8571428571429,22.8571428571429
454,1,0,1,1,0,0,0,0,16.1818181818182,0,16.1818181818182,16.1818181818182,0,0,0,0
455,1,1,0,1,1,1,1,1,5,5,0,5,5,5,5,5
456,0,1,0,1,1,1,1,0,0,2.70967741935484,0,2.70967741935484,2.70967741935484,2.70967741935484,2.70967741935484,0
457,0,1,1,0,1,1,1,1,0,19.7878787878788,19.7878787878788,0,19.7878787878788,19.7878787878788,19.7878787878788,22.7878787878788
458,0,1,0,0,1,0,1,1,0,24.3023255813953,0,0,24.3023255813953,0,24.3023255813953,27.3023255813953
459,0,1,0,0,1,1,1,1,0,-1.71428571428571,0,0,-1.71428571428571,-1.71428571428571,-1.71428571428571,-1.71428571428571
460,0,0,0,1,1,0,1,1,0,0,0,11.4,11.4,0,14.4,14.4
461,0,0,0,1,0,0,0,0,0,0,0,16.2592592592593,0,0,0,0
462,1,0,1,1,0,0,1,0,14,0,14,14,0,0,17,0
463,0,0,0,1,1,0,1,0,0,0,0,28.6551724137931,28.6551724137931,0,28.6551724137931,0
464,0,1,1,1,1,0,1,1,0,-0.111111111111111,-0.111111111111111,-0.111111111111111,-0.111111111111111,0,2.88888888888889,-0.111111111111111
465,1,1,0,0,0,0,0,1,28.6666666666667,28.6666666666667,0,0,0,0,0,28.6666666666667
466,1,0,0,0,0,0,1,0,29.6551724137931,0,0,0,0,0,32.6551724137931,0
467,1,1,1,0,0,1,1,1,6.35483870967742,6.35483870967742,6.35483870967742,0,0,6.35483870967742,9.35483870967742,6.35483870967742
468,1,1,1,1,1,1,0,1,9.61538461538461,9.61538461538461,9.61538461538461,9.61538461538461,9.61538461538461,9.61538461538461,0,12.6153846153846
469,0,1,0,0,0,0,0,1,0,8.03225806451613,0,0,0,0,0,8.03225806451613
470,0,0,1,1,0,0,1,0,0,0,21.25,21.25,0,0,24.25,0
471,0,0,1,0,0,1,0,1,0,0,9.39393939393939,0,0,9.39393939393939,0,12.3939393939394
472,0,0,0,0,0,0,0,1,0,0,0,0,0,0,0,26.4285714285714
473,1,0,1,0,0,1,1,0,-0.967741935483871,0,-0.967741935483871,0,0,-0.967741935483871,-0.967741935483871,0
474,0,0,0,1,0,1,0,1,0,0,0,9.67741935483871,0,9.67741935483871,0,9.67741935483871
475,1,0,1,1,1,1,0,0,4.62962962962963,0,4.62962962962963,4.62962962962963,4.62962962962963,4.62962962962963,0,0
476,1,0,1,0,0,0,1,0,3.07692307692308,0,3.07692307692308,0,0,0,6.07692307692308,0
477,1,1,0,1,1,0,1,1,-0.25,-0.25,0,-0.25,-0.25,0,-0.25,2.75
478,0,0,0,1,1,1,1,1,0,0,0,5.33333333333333,5.33333333333333,5.33333333333333,8.33333333333333,5.33333333333333
479,0,0,1,1,0,1,0,1,0,0,6.61111111111111,6.61111111111111,0,6.61111111111111,0,6.61111111111111
480,0,0,0,0,1,0,1,1,0,0,0,0,11.0909090909091,0,14.0909090909091,11.0909090909091
481,1,0,1,0,1,0,0,0,-1.17647058823529,0,-1.17647058823529,0,-1.17647058823529,0,0,0
482,0,1,1,0,0,0,0,1,0,20.9655172413793,20.9655172413793,0,0,0,0,23.9655172413793
483,1,1,0,1,1,1,1,0,28.8,28.8,0,28.8,28.8,28.8,28.8,0
484,0,1,0,1,0,1,1,1,0,3.61538461538462,0,3.61538461538462,0,3.61538461538462,3.61538461538462,6.61538461538461
485,0,0,1,0,0,1,0,1,0,0,13.6,0,0,13.6,0,16.6
486,1,0,0,1,1,0,0,0,28.780487804878,0,0,28.780487804878,28.780487804878,0,0,0
487,0,0,0,1,1,1,1,1,0,0,0,11.8461538461538,11.8461538461538,11.8461538461538,14.8461538461538,11.8461538461538
488,0,0,0,1,0,0,0,0,0,0,0,14.6923076923077,0,0,0,0
489,1,1,1,0,1,1,1,0,29,29,29,0,29,29,32,0
490,0,1,1,0,0,1,1,1,0,3.16666666666667,3.16666666666667,0,0,3.16666666666667,3.16666666666667,3.16666666666667
491,0,0,0,0,0,0,1,1,0,0,0,0,0,0,11,8
492,0,1,0,0,0,1,1,1,0,13,0,0,0,13,16,13
493,1,1,1,0,0,1,0,1,25.9655172413793,25.9655172413793,25.9655172413793,0,0,25.9655172413793,0,28.9655172413793
494,0,0,0,1,0,1,1,0,0,0,0,26.8888888888889,0,26.8888888888889,26.8888888888889,0
495,0,1,0,0,1,0,0,0,0,28.2592592592593,0,0,28.2592592592593,0,0,0
496,0,1,0,0,0,1,1,0,0,28.7142857142857,0,0,0,28.7142857142857,31.7142857142857,0
497,1,1,1,0,1,0,1,0,8.62962962962963,8.62962962962963,8.62962962962963,0,8.62962962962963,0,11.6296296296296,0
498,1,0,1,0,0,1,0,0,29.6774193548387,0,29.6774193548387,0,0,29.6774193548387,0,0
499,0,0,1,1,1,0,0,1,0,0,14.2142857142857,14.2142857142857,14.2142857142857,0,0,17.2142857142857
500,0,1,0,1,0,0,1,0,0,9.09090909090909,0,9.09090909090909,0,0,12.0909090909091,0
501,1,1,0,1,0,0,0,0,27.5714285714286,27.5714285714286,0,27.5714285714286,0,0,0,0
502,0,0,0,1,0,0,0,1,0,0,0,12.047619047619,0,0,0,15.047619047619
503,0,1,1,1,0,0,0,1,0,19.7878787878788,19.7878787878788,19.7878787878788,0,0,0,19.7878787878788
504,0,1,0,0,0,0,0,1,0,5,0,0,0,0,0,5
505,0,1,1,1,1,0,1,0,0,23.7297297297297,23.7297297297297,23.7297297297297,23.7297297297297,0,23.7297297297297,0
506,0,0,1,1,1,0,1,0,0,0,15.9655172413793,15.9655172413793,15.9655172413793,0,18.9655172413793,0
507,0,1,1,0,1,0,0,0,0,4,4,0,4,0,0,0
508,1,0,0,0,0,0,0,0,0.148148148148148,0,0,0,0,0,0,0
509,1,0,0,1,0,1,1,1,1.62068965517241,0,0,1.62068965517241,0,1.62068965517241,4.62068965517241,1.62068965517241
510,1,1,0,0,1,0,1,0,11.8461538461538,11.8461538461538,0,0,11.8461538461538,0,14.8461538461538,0
511,1,0,0,1,1,0,1,0,13.4,0,0,13.4,13.4,0,16.4,0
512,1,0,1,0,0,1,1,1,20.4848484848485,0,20.4848484848485,0,0,20.4848484848485,23.4848484848485,23.4848484848485
513,0,0,1,0,1,1,1,1,0,0,20.6206896551724,0,20.6206896551724,20.6206896551724,20.6206896551724,20.6206896551724
514,0,1,0,0,0,0,0,0,0,-0.363636363636364,0,0,0,0,0,0
515,1,1,0,0,0,1,1,1,23,23,0,0,0,23,23,23
516,1,1,1,1,0,0,1,1,22.8378378378378,22.8378378378378,22.8378378378378,22.8378378378378,0,0,25.8378378378378,25.8378378378378
517,1,1,1,1,1,1,1,1,-0.731707317073171,-0.731707317073171,-0.731707317073171,-0.731707317073171,-0.731707317073171,-0.731707317073171,2.26829268292683,2.26829268292683
518,1,1,0,1,1,1,1,0,21.0909090909091,21.0909090909091,0,21.0909090909091,21.0909090909091,21.0909090909091,21.0909090909091,0
519,1,0,0,0,0,0,0,1,13.1891891891892,0,0,0,0,0,0,16.1891891891892
520,1,1,0,0,0,1,1,0,4.5,4.5,0,0,0,4.5,7.5,0
521,1,1,1,0,1,1,0,0,12.6774193548387,12.6774193548387,12.6774193548387,0,12.6774193548387,12.6774193548387,0,0
522,1,0,0,1,0,1,1,1,-1.03448275862069,0,0,-1.03448275862069,0,-1.03448275862069,-1.03448275862069,-1.03448275862069
523,0,1,1,1,0,0,0,1,0,7.57142857142857,7.57142857142857,7.57142857142857,0,0,0,10.5714285714286
524,1,0,1,0,0,0,0,0,18.7297297297297,0,18.7297297297297,0,0,0,0,0
525,0,1,0,0,0,1,1,1,0,2.58333333333333,0,0,0,2.58333333333333,2.58333333333333,5.58333333333333
526,1,0,0,0,0,1,1,1,20.2857142857143,0,0,0,0,20.2857142857143,20.2857142857143,23.2857142857143
527,0,0,0,1,0,1,0,0,0,0,0,15.3333333333333,0,15.3333333333333,0,0
528,1,1,1,0,1,1,1,1,12.9166666666667,12.9166666666667,12.9166666666667,0,12.9166666666667,12.9166666666667,12.9166666666667,12.9166666666667
529,0,0,0,0,0,1,0,0,0,0,0,0,0,9.42857142857143,0,0
530,1,0,0,1,1,0,1,0,27.5714285714286,0,0,27.5714285714286,27.5714285714286,0,27.5714285714286,0
531,0,1,0,1,1,0,0,1,0,-1,0,-1,-1,0,0,-1
532,1,0,1,1,0,0,0,0,-1,0,-1,-1,0,0,0,0
533,1,1,1,1,0,0,0,0,26.7222222222222,26.7222222222222,26.7222222222222,26.7222222222222,0,0,0,0
534,0,1,0,1,1,0,1,1,0,0.5,0,0.5,0.5,0,3.5,3.5
535,1,0,1,1,0,0,1,0,24.2857142857143,0,24.2857142857143,24.2857142857143,0,0,27.2857142857143,0
536,1,1,1,0,0,1,0,1,24.8888888888889,24.8888888888889,24.8888888888889,0,0,24.8888888888889,0,24.8888888888889
537,1,0,1,0,1,1,1,0,26.7222222222222,0,26.7222222222222,0,26.7222222222222,26.7222222222222,29.7222222222222,0
538,1,0,0,1,1,1,0,1,15.1891891891892,0,0,15.1891891891892,15.1891891891892,15.1891891891892,0,15.1891891891892
539,0,0,0,1,0,0,0,1,0,0,0,19.1176470588235,0,0,0,19.1176470588235
540,1,0,0,0,1,1,0,0,14.9655172413793,0,0,0,14.9655172413793,14.9655172413793,0,0
541,0,1,0,1,0,0,0,0,0,24.2142857142857,0,24.2142857142857,0,0,0,0
542,0,1,1,0,1,1,1,1,0,2,2,0,2,2,5,2
543,0,0,0,1,0,0,0,1,0,0,0,27.1666666666667,0,0,0,30.1666666666667
544,1,0,0,1,1,1,1,0,22.5,0,0,22.5,22.5,22.5,22.5,0
545,0,1,1,0,0,1,0,1,0,29.3939393939394,29.3939393939394,0,0,29.3939393939394,0,32.3939393939394
546,1,1,1,1,0,1,0,1,14.8461538461538,14.8461538461538,14.8461538461538,14.8461538461538,0,14.8461538461538,0,14.8461538461538
547,0,0,0,0,0,1,0,1,0,0,0,0,0,24.5185185185185,0,24.5185185185185
548,1,0,1,1,1,1,1,0,22.6666666666667,0,22.6666666666667,22.6666666666667,22.6666666666667,22.6666666666667,25.6666666666667,0
549,1,1,0,1,1,0,1,1,25.6551724137931,25.6551724137931,0,25.6551724137931,25.6551724137931,0,28.6551724137931,28.6551724137931
550,0,0,1,0,1,0,0,1,0,0,1.26829268292683,0,1.26829268292683,0,0,4.26829268292683
551,1,1,0,1,1,1,0,0,27.8,27.8,0,27.8,27.8,27.8,0,0
552,0,0,0,1,0,0,1,0,0,0,0,7.57142857142857,0,0,7.57142857142857,0
553,1,1,1,0,0,0,1,1,26.0322580645161,26.0322580645161,26.0322580645161,0,0,0,29.0322580645161,26.0322580645161
554,0,1,0,1,1,1,0,0,0,5.03225806451613,0,5.03225806451613,5.03225806451613,5.03225806451613,0,0
555,0,1,0,0,0,0,0,0,0,28.6774193548387,0,0,0,0,0,0
556,0,1,0,0,1,1,0,0,0,13.4,0,0,13.4,13.4,0,0
557,1,0,1,0,1,1,0,1,13.6551724137931,0,13.6551724137931,0,13.6551724137931,13.6551724137931,0,16.6551724137931
558,1,1,1,1,1,1,0,0,20.5714285714286,20.5714285714286,20.5714285714286,20.5714285714286,20.5714285714286,20.5714285714286,0,0
559,1,1,0,0,0,1,1,0,7.18181818181818,7.18181818181818,0,0,0,7.18181818181818,10.1818181818182,0
560,1,0,1,1,1,1,1,1,18.4444444444444,0,18.4444444444444,18.4444444444444,18.4444444444444,18.4444444444444,21.4444444444444,21.4444444444444
561,1,1,0,1,1,0,0,0,17,17,0,17,17,0,0,0
562,1,1,0,1,1,1,0,0,7.83720930232558,7.83720930232558,0,7.83720930232558,7.83720930232558,7.83720930232558,0,0
563,1,0,1,1,0,1,0,1,9.6875,0,9.6875,9.6875,0,9.6875,0,9.6875
564,1,0,0,0,1,1,1,1,9.07692307692308,0,0,0,9.07692307692308,9.07692307692308,9.07692307692308,9.07692307692308
565,1,1,0,0,0,0,1,0,5.25925925925926,5.25925925925926,0,0,0,0,8.25925925925926,0
566,0,0,1,0,0,0,1,0,0,0,28.0909090909091,0,0,0,31.0909090909091,0
567,1,0,1,1,0,0,0,1,22.0322580645161,0,22.0322580645161,22.0322580645161,0,0,0,22.0322580645161
568,1,1,1,0,1,1,1,0,-1.875,-1.875,-1.875,0,-1.875,-1.875,1.125,0
569,1,1,0,1,0,0,0,1,5,5,0,5,0,0,0,8
570,1,1,1,0,1,0,0,0,21.4444444444444,21.4444444444444,21.4444444444444,0,21.4444444444444,0,0,0
571,0,1,0,0,0,0,0,1,0,24.8888888888889,0,0,0,0,0,24.8888888888889
572,0,0,1,0,1,1,0,1,0,0,0.888888888888889,0,0.888888888888889,0.888888888888889,0,0.888888888888889
573,0,0,0,1,0,1,0,0,0,0,0,23.9285714285714,0,23.9285714285714,0,0
574,1,1,1,0,1,1,1,1,28.8888888888889,28.8888888888889,28.8888888888889,0,28.8888888888889,28.8888888888889,28.8888888888889,28.8888888888889
575,0,0,0,1,0,0,0,0,0,0,0,20.5454545454545,0,0,0,0
576,0,1,1,1,1,1,0,1,0,10.8888888888889,10.8888888888889,10.8888888888889,10.8888888888889,10.8888888888889,0,13.8888888888889
577,1,0,1,1,1,1,0,0,23,0,23,23,23,23,0,0
578,1,1,1,0,0,0,1,0,18.1481481481481,18.1481481481481,18.1481481481481,0,0,0,18.1481481481481,0
579,0,0,1,0,0,1,0,0,0,0,11.0909090909091,0,0,11.0909090909091,0,0
580,0,1,0,1,0,1,0,1,0,8.64285714285714,0,8.64285714285714,0,8.64285714285714,0,11.6428571428571
581,1,0,1,0,1,1,0,0,26.9166666666667,0,26.9166666666667,0,26.9166666666667,26.9166666666667,0,0
582,0,0,1,0,0,0,1,0,0,0,7.40740740740741,0,0,0,10.4074074074074,0
583,0,0,0,1,1,1,0,1,0,0,0,12.9189189189189,12.9189189189189,12.9189189189189,0,15.9189189189189
584,0,0,1,0,0,1,0,1,0,0,6.85714285714286,0,0,6.85714285714286,0,9.85714285714286
585,1,0,1,1,0,0,1,0,21.4615384615385,0,21.4615384615385,21.4615384615385,0,0,24.4615384615385,0
586,1,1,0,0,0,0,0,0,11.0322580645161,11.0322580645161,0,0,0,0,0,0
587,0,1,0,1,0,0,0,0,0,28,0,28,0,0,0,0
588,0,0,0,0,1,0,1,1,0,0,0,0,6.92857142857143,0,9.92857142857143,6.92857142857143
589,1,1,0,0,1,1,1,1,17.7878787878788,17.7878787878788,0,0,17.7878787878788,17.7878787878788,17.7878787878788,17.7878787878788
590,1,0,0,0,1,1,1,1,22,0,0,0,22,22,25,22
591,1,1,1,0,0,0,1,0,5.04761904761905,5.04761904761905,5.04761904761905,0,0,0,5.04761904761905,0
592,0,0,1,0,0,0,0,1,0,0,28.6774193548387,0,0,0,0,28.6774193548387
593,0,0,1,0,0,1,0,1,0,0,5.87878787878788,0,0,5.87878787878788,0,5.87878787878788
594,1,0,0,1,0,0,1,0,7.74358974358974,0,0,7.74358974358974,0,0,10.7435897435897,0
595,1,1,0,1,0,0,1,0,3.33333333333333,3.33333333333333,0,3.33333333333333,0,0,6.33333333333333,0
596,0,1,1,0,1,0,0,0,0,27.5185185185185,27.5185185185185,0,27.5185185185185,0,0,0
597,1,1,1,0,0,1,1,0,2.61538461538462,2.61538461538462,2.61538461538462,0,0,2.61538461538462,5.61538461538461,0
598,1,0,1,1,0,1,1,0,27.9473684210526,0,27.9473684210526,27.9473684210526,0,27.9473684210526,27.9473684210526,0
599,1,1,0,1,1,1,0,1,11.375,11.375,0,11.375,11.375,11.375,0,14.375
600,1,0,1,1,0,0,1,0,0.411764705882353,0,0.411764705882353,0.411764705882353,0,0,3.41176470588235,0
601,1,1,1,0,0,1,1,0,14.4594594594595,14.4594594594595,14.4594594594595,0,0,14.4594594594595,14.4594594594595,0
602,1,0,1,1,1,0,1,0,28.3548387096774,0,28.3548387096774,28.3548387096774,28.3548387096774,0,31.3548387096774,0
603,0,1,0,1,1,0,0,1,0,15.6551724137931,0,15.6551724137931,15.6551724137931,0,0,15.6551724137931
604,1,0,0,1,0,0,1,1,18.1818181818182,0,0,18.1818181818182,0,0,21.1818181818182,18.1818181818182
605,0,1,1,0,0,1,1,0,0,18.0909090909091,18.0909090909091,0,0,18.0909090909091,21.0909090909091,0
606,1,1,0,1,1,1,1,0,13.75,13.75,0,13.75,13.75,13.75,13.75,0
607,0,1,1,0,1,0,1,1,0,10.0322580645161,10.0322580645161,0,10.0322580645161,0,10.0322580645161,10.0322580645161
608,1,1,1,0,0,1,1,0,20,20,20,0,0,20,23,0
609,0,1,1,0,1,0,1,0,0,26.3548387096774,26.3548387096774,0,26.3548387096774,0,26.3548387096774,0
610,1,1,0,1,0,0,1,0,26,26,0,26,0,0,26,0
611,0,1,1,0,0,0,0,1,0,21.9310344827586,21.9310344827586,0,0,0,0,24.9310344827586
612,1,1,0,1,0,1,0,1,25.3333333333333,25.3333333333333,0,25.3333333333333,0,25.3333333333333,0,28.3333333333333
613,1,1,0,1,0,0,1,0,21.0909090909091,21.0909090909091,0,21.0909090909091,0,0,24.0909090909091,0
614,0,0,1,0,1,1,1,0,0,0,7.61111111111111,0,7.61111111111111,7.61111111111111,10.6111111111111,0
615,0,0,1,0,0,1,0,0,0,0,24.6486486486486,0,0,24.6486486486486,0,0
616,0,0,0,1,1,0,1,1,0,0,0,8.51851851851852,8.51851851851852,0,8.51851851851852,8.51851851851852
617,1,1,0,0,0,0,0,1,12.2857142857143,12.2857142857143,0,0,0,0,0,15.2857142857143
618,1,0,1,1,0,0,0,0,24.2307692307692,0,24.2307692307692,24.2307692307692,0,0,0,0
619,0,1,0,1,1,1,0,0,0,22,0,22,22,22,0,0
620,1,1,0,1,1,1,0,1,10.3939393939394,10.3939393939394,0,10.3939393939394,10.3939393939394,10.3939393939394,0,13.3939393939394
621,1,1,0,0,1,0,1,0,25.2592592592593,25.2592592592593,0,0,25.2592592592593,0,28.2592592592593,0
622,1,0,0,1,0,0,1,1,23,0,0,23,0,0,26,26
623,0,1,0,0,0,0,1,1,0,0,0,0,0,0,0,0
624,1,0,1,0,0,1,0,0,21.2857142857143,0,21.2857142857143,0,0,21.2857142857143,0,0
625,0,1,0,0,1,0,1,1,0,21.3333333333333,0,0,21.3333333333333,0,21.3333333333333,24.3333333333333
626,1,0,0,0,0,0,0,0,25,0,0,0,0,0,0,0
627,0,1,1,1,0,1,0,1,0,6.66666666666667,6.66666666666667,6.66666666666667,0,6.66666666666667,0,6.66666666666667
628,0,1,0,1,1,0,0,1,0,9.94736842105263,0,9.94736842105263,9.94736842105263,0,0,9.94736842105263
629,0,0,1,1,0,0,1,0,0,0,26.4444444444444,26.4444444444444,0,0,29.4444444444444,0
630,0,0,1,0,0,0,1,0,0,0,12,0,0,0,12,0
631,1,0,0,1,0,0,0,1,20.1304347826087,0,0,20.1304347826087,0,0,0,23.1304347826087
632,1,1,1,0,1,0,1,0,10.8571428571429,10.8571428571429,10.8571428571429,0,10.8571428571429,0,13.8571428571429,0
633,0,1,0,1,1,0,1,0,0,13.6666666666667,0,13.6666666666667,13.6666666666667,0,16.6666666666667,0
634,0,1,1,1,0,0,0,0,0,26.8571428571429,26.8571428571429,26.8571428571429,0,0,0,0
635,1,0,0,1,1,0,1,1,14.0952380952381,0,0,14.0952380952381,14.0952380952381,0,17.0952380952381,17.0952380952381
636,1,0,1,1,0,0,0,0,22.3333333333333,0,22.3333333333333,22.3333333333333,0,0,0,0
637,1,1,0,1,0,0,1,0,11.9473684210526,11.9473684210526,0,11.9473684210526,0,0,14.9473684210526,0
638,0,0,0,0,0,0,0,0,0,0,0,0,0,0,0,0
639,1,0,0,1,0,1,0,1,16.2758620689655,0,0,16.2758620689655,0,16.2758620689655,0,19.2758620689655
640,1,0,1,1,1,1,1,1,17.2682926829268,0,17.2682926829268,17.2682926829268,17.2682926829268,17.2682926829268,17.2682926829268,17.2682926829268
641,0,1,1,1,0,1,1,0,0,12.1666666666667,12.1666666666667,12.1666666666667,0,12.1666666666667,12.1666666666667,0
642,0,0,0,1,1,0,1,0,0,0,0,20.9285714285714,20.9285714285714,0,23.9285714285714,0
643,0,1,0,0,0,0,0,1,0,8.69565217391304,0,0,0,0,0,8.69565217391304
644,0,1,0,1,0,1,1,1,0,28.6206896551724,0,28.6206896551724,0,28.6206896551724,28.6206896551724,31.6206896551724
645,0,0,0,1,0,0,1,1,0,0,0,-0.121212121212121,0,0,2.87878787878788,2.87878787878788
646,1,1,0,1,0,1,0,0,9.39130434782609,9.39130434782609,0,9.39130434782609,0,9.39130434782609,0,0
647,0,0,0,0,0,0,1,1,0,0,0,0,0,0,27.695652173913,27.695652173913
648,1,1,0,0,0,0,1,0,17.0625,17.0625,0,0,0,0,17.0625,0
649,1,0,1,0,0,0,0,0,1.78787878787879,0,1.78787878787879,0,0,0,0,0
650,0,0,0,1,0,0,0,1,0,0,0,7.64285714285714,0,0,0,10.6428571428571
651,0,0,0,0,0,1,1,1,0,0,0,0,0,20.2592592592593,23.2592592592593,23.2592592592593
652,1,1,0,0,0,0,1,1,20.047619047619,20.047619047619,0,0,0,0,23.047619047619,23.047619047619
653,1,1,0,1,1,0,0,1,9.31034482758621,9.31034482758621,0,9.31034482758621,9.31034482758621,0,0,12.3103448275862
654,1,0,1,0,1,1,1,1,7.56521739130435,0,7.56521739130435,0,7.56521739130435,7.56521739130435,7.56521739130435,10.5652173913043
655,1,0,1,0,1,0,0,1,18.3939393939394,0,18.3939393939394,0,18.3939393939394,0,0,18.3939393939394
656,1,1,1,1,1,0,1,1,23.6153846153846,23.6153846153846,23.6153846153846,23.6153846153846,23.6153846153846,0,26.6153846153846,23.6153846153846
657,0,1,0,1,1,0,1,1,0,25.2727272727273,0,25.2727272727273,25.2727272727273,0,25.2727272727273,28.2727272727273
658,1,0,0,0,1,0,1,0,7.04761904761905,0,0,0,7.04761904761905,0,7.04761904761905,0
659,1,1,0,0,1,0,1,1,-0.833333333333333,-0.833333333333333,0,0,-0.833333333333333,0,2.16666666666667,-0.833333333333333
660,1,1,1,0,0,1,0,1,8.51219512195122,8.51219512195122,8.51219512195122,0,0,8.51219512195122,0,11.5121951219512
661,1,0,1,0,1,0,1,1,11.8235294117647,0,11.8235294117647,0,11.8235294117647,0,11.8235294117647,14.8235294117647
662,0,1,1,0,0,1,0,1,0,11.5714285714286,11.5714285714286,0,0,11.5714285714286,0,11.5714285714286
663,0,1,0,0,1,1,0,0,0,27.7878787878788,0,0,27.7878787878788,27.7878787878788,0,0
664,0,1,0,1,1,0,0,1,0,24.6206896551724,0,24.6206896551724,24.6206896551724,0,0,24.6206896551724
665,1,0,1,1,1,1,0,1,17.4615384615385,0,17.4615384615385,17.4615384615385,17.4615384615385,17.4615384615385,0,17.4615384615385
666,1,1,0,0,0,1,0,1,20.8888888888889,20.8888888888889,0,0,0,20.8888888888889,0,20.8888888888889
667,1,0,1,1,0,0,0,1,17.2758620689655,0,17.2758620689655,17.2758620689655,0,0,0,17.2758620689655
668,1,1,0,0,0,1,0,1,23.4444444444444,23.4444444444444,0,0,0,23.4444444444444,0,26.4444444444444
669,0,1,1,0,1,1,0,0,0,27.2,27.2,0,27.2,27.2,0,0
670,1,1,0,0,1,1,0,1,0.695652173913043,0.695652173913043,0,0,0.695652173913043,0.695652173913043,0,3.69565217391304
671,0,0,0,0,1,0,1,0,0,0,0,0,5.88888888888889,0,8.88888888888889,0
672,1,1,0,1,1,0,1,1,-0.739130434782609,-0.739130434782609,0,-0.739130434782609,-0.739130434782609,0,2.26086956521739,2.26086956521739
673,0,0,0,0,0,1,0,0,0,0,0,0,0,5.77777777777778,0,0
674,1,0,1,0,1,1,0,0,22.9189189189189,0,22.9189189189189,0,22.9189189189189,22.9189189189189,0,0
675,0,0,0,0,0,0,0,0,0,0,0,0,0,0,0,0
676,1,0,1,0,0,1,0,1,3.92857142857143,0,3.92857142857143,0,0,3.92857142857143,0,6.92857142857143
677,1,0,1,1,0,0,1,0,1.88888888888889,0,1.88888888888889,1.88888888888889,0,0,1.88888888888889,0
678,0,1,1,0,1,1,1,0,0,8.47368421052632,8.47368421052632,0,8.47368421052632,8.47368421052632,8.47368421052632,0
679,1,0,1,1,1,1,1,1,1,0,1,1,1,1,1,4
680,0,1,1,0,0,1,0,0,0,2.42857142857143,2.42857142857143,0,0,2.42857142857143,0,0
681,0,0,0,0,0,0,1,0,0,0,0,0,0,0,20.5714285714286,0
682,0,0,1,0,1,0,1,0,0,0,28.0322580645161,0,28.0322580645161,0,31.0322580645161,0
683,0,0,1,1,1,1,1,1,0,0,5,5,5,5,8,8
684,1,0,0,0,1,1,0,0,27.8571428571429,0,0,0,27.8571428571429,27.8571428571429,0,0
685,1,1,0,1,0,1,1,1,13.3333333333333,13.3333333333333,0,13.3333333333333,0,13.3333333333333,16.3333333333333,16.3333333333333
686,0,1,0,0,0,0,1,0,0,19.8461538461538,0,0,0,0,22.8461538461538,0
687,0,1,1,1,1,1,0,0,0,13.7777777777778,13.7777777777778,13.7777777777778,13.7777777777778,13.7777777777778,0,0
688,1,1,0,0,0,0,1,1,3.75,3.75,0,0,0,0,6.75,6.75
689,1,0,1,1,1,1,1,0,22.6774193548387,0,22.6774193548387,22.6774193548387,22.6774193548387,22.6774193548387,22.6774193548387,0
690,1,0,0,1,1,1,0,1,15,0,0,15,15,15,0,15
691,0,1,0,0,0,1,0,1,0,6.28571428571429,0,0,0,6.28571428571429,0,9.28571428571428
692,0,1,1,0,0,1,1,1,0,2.21428571428571,2.21428571428571,0,0,2.21428571428571,5.21428571428571,2.21428571428571
693,1,1,0,0,1,1,0,1,25.3870967741935,25.3870967741935,0,0,25.3870967741935,25.3870967741935,0,28.3870967741935
694,0,0,0,0,0,1,1,0,0,0,0,0,0,12.2608695652174,15.2608695652174,0
695,0,0,0,1,1,1,0,0,0,0,0,-1.70731707317073,-1.70731707317073,-1.70731707317073,0,0
696,1,0,0,1,1,0,1,0,17.0625,0,0,17.0625,17.0625,0,17.0625,0
697,0,0,1,1,0,1,0,0,0,0,10.5,10.5,0,10.5,0,0
698,1,1,0,0,0,0,0,0,1.875,1.875,0,0,0,0,0,0
699,0,1,0,0,1,0,1,0,0,11.4615384615385,0,0,11.4615384615385,0,11.4615384615385,0
700,0,1,1,1,1,1,1,1,0,10.3333333333333,10.3333333333333,10.3333333333333,10.3333333333333,10.3333333333333,10.3333333333333,10.3333333333333
701,0,0,1,1,1,0,0,0,0,0,4.88888888888889,4.88888888888889,4.88888888888889,0,0,0
702,1,1,1,0,0,1,1,0,19.75,19.75,19.75,0,0,19.75,22.75,0
703,0,0,1,0,1,1,0,0,0,0,19.3333333333333,0,19.3333333333333,19.3333333333333,0,0
704,1,0,1,0,1,1,0,0,7.28571428571429,0,7.28571428571429,0,7.28571428571429,7.28571428571429,0,0
705,1,1,0,1,0,0,1,0,16.1176470588235,16.1176470588235,0,16.1176470588235,0,0,19.1176470588235,0
706,1,1,0,0,1,0,1,0,3.74193548387097,3.74193548387097,0,0,3.74193548387097,0,6.74193548387097,0
707,0,0,1,0,1,0,1,1,0,0,17.5714285714286,0,17.5714285714286,0,17.5714285714286,17.5714285714286
708,0,0,1,1,1,1,1,0,0,0,24.2857142857143,24.2857142857143,24.2857142857143,24.2857142857143,27.2857142857143,0
709,0,1,0,0,0,0,0,0,0,21.4117647058824,0,0,0,0,0,0
710,0,0,0,1,0,1,0,0,0,0,0,5.6,0,5.6,0,0
711,1,1,1,1,1,0,1,0,27,27,27,27,27,0,27,0
712,1,1,1,1,0,1,1,1,6.14814814814815,6.14814814814815,6.14814814814815,6.14814814814815,0,6.14814814814815,9.14814814814815,9.14814814814815
713,1,0,1,0,1,0,0,1,22.6428571428571,0,22.6428571428571,0,22.6428571428571,0,0,25.6428571428571
714,1,0,1,1,0,1,0,1,16.6,0,16.6,16.6,0,16.6,0,16.6
715,0,0,0,0,0,0,0,0,0,0,0,0,0,0,0,0
716,1,1,1,1,1,0,1,0,20.1304347826087,20.1304347826087,20.1304347826087,20.1304347826087,20.1304347826087,0,20.1304347826087,0
717,1,1,0,1,1,0,1,1,7.16666666666667,7.16666666666667,0,7.16666666666667,7.16666666666667,0,7.16666666666667,7.16666666666667
718,1,0,1,0,1,1,1,0,25.4444444444444,0,25.4444444444444,0,25.4444444444444,25.4444444444444,28.4444444444444,0
719,0,0,0,0,1,0,1,1,0,0,0,0,-0.935483870967742,0,2.06451612903226,2.06451612903226
720,1,1,1,0,0,0,1,1,21.5185185185185,21.5185185185185,21.5185185185185,0,0,0,21.5185185185185,21.5185185185185
721,1,0,1,1,0,0,1,0,12.9655172413793,0,12.9655172413793,12.9655172413793,0,0,15.9655172413793,0
722,0,1,1,0,0,0,0,0,0,13.8888888888889,13.8888888888889,0,0,0,0,0
723,1,0,1,0,1,0,1,0,-1.59259259259259,0,-1.59259259259259,0,-1.59259259259259,0,-1.59259259259259,0
724,0,0,1,0,1,1,0,1,0,0,24.2608695652174,0,24.2608695652174,24.2608695652174,0,27.2608695652174
725,0,1,0,0,1,1,0,0,0,11.8888888888889,0,0,11.8888888888889,11.8888888888889,0,0
726,0,0,1,0,1,0,1,1,0,0,21.4736842105263,0,21.4736842105263,0,21.4736842105263,21.4736842105263
727,1,0,0,0,0,1,0,0,-1.42857142857143,0,0,0,0,-1.42857142857143,0,0
728,0,1,1,0,0,0,1,0,0,25.2307692307692,25.2307692307692,0,0,0,28.2307692307692,0
729,1,1,0,1,0,0,1,0,25.2758620689655,25.2758620689655,0,25.2758620689655,0,0,28.2758620689655,0
730,1,1,1,1,1,1,0,1,17.2592592592593,17.2592592592593,17.2592592592593,17.2592592592593,17.2592592592593,17.2592592592593,0,17.2592592592593
731,1,1,1,0,1,1,1,0,18.2592592592593,18.2592592592593,18.2592592592593,0,18.2592592592593,18.2592592592593,18.2592592592593,0
732,0,0,1,1,1,0,0,1,0,0,20.5833333333333,20.5833333333333,20.5833333333333,0,0,23.5833333333333
733,1,0,1,0,1,0,0,1,28,0,28,0,28,0,0,31
734,1,1,0,1,0,1,0,1,27.6969696969697,27.6969696969697,0,27.6969696969697,0,27.6969696969697,0,27.6969696969697
735,1,0,1,1,0,1,0,0,25.3333333333333,0,25.3333333333333,25.3333333333333,0,25.3333333333333,0,0
736,1,1,1,1,0,0,1,1,5.09090909090909,5.09090909090909,5.09090909090909,5.09090909090909,0,0,5.09090909090909,8.09090909090909
737,0,0,0,1,0,1,1,1,0,0,0,2.27586206896552,0,2.27586206896552,5.27586206896552,5.27586206896552
738,0,1,1,0,1,1,1,0,0,18.9285714285714,18.9285714285714,0,18.9285714285714,18.9285714285714,21.9285714285714,0
739,0,0,1,1,0,1,0,0,0,0,15.7096774193548,15.7096774193548,0,15.7096774193548,0,0
740,0,1,0,1,1,1,0,0,0,15.4285714285714,0,15.4285714285714,15.4285714285714,15.4285714285714,0,0
741,1,1,1,0,0,1,0,1,24.7368421052632,24.7368421052632,24.7368421052632,0,0,24.7368421052632,0,27.7368421052632
742,0,1,0,1,1,1,1,1,0,17.8888888888889,0,17.8888888888889,17.8888888888889,17.8888888888889,17.8888888888889,17.8888888888889
743,0,1,0,0,1,1,0,1,0,26,0,0,26,26,0,29
744,0,1,0,0,1,1,1,0,0,23.8,0,0,23.8,23.8,23.8,0
745,1,0,1,0,0,0,1,1,9.84615384615385,0,9.84615384615385,0,0,0,12.8461538461538,12.8461538461538
746,0,0,1,1,1,0,1,1,0,0,21.3333333333333,21.3333333333333,21.3333333333333,0,21.3333333333333,24.3333333333333
747,0,0,1,1,0,1,0,0,0,0,17.6666666666667,17.6666666666667,0,17.6666666666667,0,0
748,1,1,1,1,0,0,1,1,28.2105263157895,28.2105263157895,28.2105263157895,28.2105263157895,0,0,28.2105263157895,31.2105263157895
749,1,0,1,1,1,0,0,1,12.2592592592593,0,12.2592592592593,12.2592592592593,12.2592592592593,0,0,15.2592592592593
750,1,0,0,0,1,1,0,0,9.64285714285714,0,0,0,9.64285714285714,9.64285714285714,0,0
751,1,0,0,1,1,1,1,1,2.89473684210526,0,0,2.89473684210526,2.89473684210526,2.89473684210526,5.89473684210526,5.89473684210526
752,0,1,1,1,1,1,1,0,0,6.85714285714286,6.85714285714286,6.85714285714286,6.85714285714286,6.85714285714286,9.85714285714286,0
753,0,0,0,0,1,0,0,0,0,0,0,0,10.7058823529412,0,0,0
754,1,1,1,1,1,0,0,1,6.35483870967742,6.35483870967742,6.35483870967742,6.35483870967742,6.35483870967742,0,0,9.35483870967742
755,1,0,0,1,1,1,1,0,2.95652173913043,0,0,2.95652173913043,2.95652173913043,2.95652173913043,5.95652173913043,0
756,1,1,0,1,1,1,1,1,14.0625,14.0625,0,14.0625,14.0625,14.0625,14.0625,14.0625
757,1,0,1,1,1,1,1,1,9.91666666666667,0,9.91666666666667,9.91666666666667,9.91666666666667,9.91666666666667,9.91666666666667,9.91666666666667
758,1,0,1,0,0,0,1,1,19.75,0,19.75,0,0,0,19.75,22.75
759,0,0,0,0,0,1,1,0,0,0,0,0,0,9.31034482758621,12.3103448275862,0
760,1,0,1,1,1,1,1,0,0.709677419354839,0,0.709677419354839,0.709677419354839,0.709677419354839,0.709677419354839,3.70967741935484,0
761,1,0,1,1,1,0,0,1,13.3870967741935,0,13.3870967741935,13.3870967741935,13.3870967741935,0,0,16.3870967741935
762,0,0,1,1,0,1,0,0,0,0,9.51851851851852,9.51851851851852,0,9.51851851851852,0,0
763,1,0,1,1,0,0,0,1,-0.789473684210526,0,-0.789473684210526,-0.789473684210526,0,0,0,2.21052631578947
764,1,0,1,1,1,0,0,1,3.6969696969697,0,3.6969696969697,3.6969696969697,3.6969696969697,0,0,6.6969696969697
765,0,0,1,1,0,0,1,1,0,0,27,27,0,0,27,27
766,1,0,0,1,0,0,1,0,2.64864864864865,0,0,2.64864864864865,0,0,5.64864864864865,0
767,0,0,0,1,1,1,1,0,0,0,0,11.5454545454545,11.5454545454545,11.5454545454545,14.5454545454545,0
768,1,0,1,0,0,1,0,0,0.0625,0,0.0625,0,0,0.0625,0,0
769,0,1,1,0,1,0,0,1,0,9.69565217391304,9.69565217391304,0,9.69565217391304,0,0,9.69565217391304
770,1,1,1,0,1,1,1,1,4.47368421052632,4.47368421052632,4.47368421052632,0,4.47368421052632,4.47368421052632,4.47368421052632,7.47368421052632
771,1,1,1,0,1,0,1,0,8.84615384615385,8.84615384615385,8.84615384615385,0,8.84615384615385,0,8.84615384615385,0
772,0,0,1,1,0,0,0,1,0,0,21.6363636363636,21.6363636363636,0,0,0,21.6363636363636
773,1,1,0,0,0,0,1,0,23.1818181818182,23.1818181818182,0,0,0,0,23.1818181818182,0
774,1,0,0,0,0,1,0,0,25.7222222222222,0,0,0,0,25.7222222222222,0,0
775,0,1,0,0,1,0,0,1,0,22.4848484848485,0,0,22.4848484848485,0,0,25.4848484848485
776,1,0,1,1,0,1,0,1,23.6315789473684,0,23.6315789473684,23.6315789473684,0,23.6315789473684,0,26.6315789473684
777,1,1,0,0,0,1,1,0,13.4210526315789,13.4210526315789,0,0,0,13.4210526315789,13.4210526315789,0
778,0,0,0,0,1,1,1,0,0,0,0,0,3.18918918918919,3.18918918918919,6.18918918918919,0
779,1,1,1,1,1,0,0,1,20.0625,20.0625,20.0625,20.0625,20.0625,0,0,23.0625
780,0,0,0,0,1,0,1,0,0,0,0,0,3.44444444444444,0,6.44444444444444,0
781,1,0,1,1,1,0,1,0,5.66666666666667,0,5.66666666666667,5.66666666666667,5.66666666666667,0,5.66666666666667,0
782,1,1,1,0,1,0,1,1,16.8571428571429,16.8571428571429,16.8571428571429,0,16.8571428571429,0,16.8571428571429,16.8571428571429
783,1,0,1,1,1,0,0,1,6.71428571428571,0,6.71428571428571,6.71428571428571,6.71428571428571,0,0,6.71428571428571
784,1,1,1,0,0,0,0,0,25.3103448275862,25.3103448275862,25.3103448275862,0,0,0,0,0
785,1,0,1,0,0,0,1,1,17.8571428571429,0,17.8571428571429,0,0,0,17.8571428571429,20.8571428571429
786,0,0,1,0,0,1,0,0,0,0,16.5238095238095,0,0,16.5238095238095,0,0
787,1,0,0,0,0,0,0,0,8.56521739130435,0,0,0,0,0,0,0
788,1,0,0,0,1,1,0,1,26.6296296296296,0,0,0,26.6296296296296,26.6296296296296,0,29.6296296296296
789,1,1,0,1,0,0,0,1,4.14285714285714,4.14285714285714,0,4.14285714285714,0,0,0,4.14285714285714
790,0,0,1,1,1,0,1,0,0,0,6.33333333333333,6.33333333333333,6.33333333333333,0,6.33333333333333,0
791,1,1,1,0,1,1,0,1,1.21052631578947,1.21052631578947,1.21052631578947,0,1.21052631578947,1.21052631578947,0,4.21052631578947
792,0,1,1,1,1,1,1,0,0,9.56521739130435,9.56521739130435,9.56521739130435,9.56521739130435,9.56521739130435,9.56521739130435,0
793,1,1,0,0,1,1,1,1,12.4615384615385,12.4615384615385,0,0,12.4615384615385,12.4615384615385,12.4615384615385,12.4615384615385
794,1,1,1,1,0,1,0,1,5.42105263157895,5.42105263157895,5.42105263157895,5.42105263157895,0,5.42105263157895,0,5.42105263157895
795,0,0,1,0,0,0,0,1,0,0,9.28571428571429,0,0,0,0,9.28571428571429
796,0,0,1,0,0,0,0,1,0,0,25.2307692307692,0,0,0,0,28.2307692307692
797,1,0,1,0,0,0,0,1,0.666666666666667,0,0.666666666666667,0,0,0,0,0.666666666666667
798,0,1,0,0,1,0,1,0,0,6.91891891891892,0,0,6.91891891891892,0,9.91891891891892,0
799,0,1,1,1,0,0,1,1,0,12.375,12.375,12.375,0,0,12.375,12.375
800,0,1,0,1,0,1,0,0,0,20.7142857142857,0,20.7142857142857,0,20.7142857142857,0,0
801,0,1,1,0,0,0,0,1,0,7.4375,7.4375,0,0,0,0,7.4375
802,0,1,0,1,1,1,1,1,0,-0.769230769230769,0,-0.769230769230769,-0.769230769230769,-0.769230769230769,-0.769230769230769,-0.769230769230769
803,1,1,1,1,1,0,1,1,12.7368421052632,12.7368421052632,12.7368421052632,12.7368421052632,12.7368421052632,0,15.7368421052632,12.7368421052632
804,1,1,0,0,0,1,0,0,1.0625,1.0625,0,0,0,1.0625,0,0
805,1,0,0,1,1,0,0,0,22.6969696969697,0,0,22.6969696969697,22.6969696969697,0,0,0
806,1,0,0,0,1,0,1,1,10.7777777777778,0,0,0,10.7777777777778,0,13.7777777777778,10.7777777777778
807,1,0,0,1,1,1,1,1,19.8888888888889,0,0,19.8888888888889,19.8888888888889,19.8888888888889,19.8888888888889,22.8888888888889
808,1,0,0,0,0,1,1,0,26.3333333333333,0,0,0,0,26.3333333333333,29.3333333333333,0
809,1,0,1,0,0,1,0,1,20.3939393939394,0,20.3939393939394,0,0,20.3939393939394,0,20.3939393939394
810,1,0,0,0,0,0,0,1,0.709677419354839,0,0,0,0,0,0,0.709677419354839
811,1,1,1,1,0,0,0,1,6.56521739130435,6.56521739130435,6.56521739130435,6.56521739130435,0,0,0,6.56521739130435
812,1,0,1,1,0,0,1,0,7.62962962962963,0,7.62962962962963,7.62962962962963,0,0,10.6296296296296,0
813,1,1,0,0,1,0,1,1,7.35483870967742,7.35483870967742,0,0,7.35483870967742,0,10.3548387096774,10.3548387096774
814,0,1,0,0,0,1,1,1,0,22.6774193548387,0,0,0,22.6774193548387,25.6774193548387,25.6774193548387
815,0,0,1,0,1,0,1,1,0,0,27.3333333333333,0,27.3333333333333,0,30.3333333333333,27.3333333333333
816,0,0,0,1,0,1,0,0,0,0,0,18.5,0,18.5,0,0
817,1,0,0,1,0,1,1,1,9.0625,0,0,9.0625,0,9.0625,12.0625,9.0625
818,0,0,1,0,0,1,0,1,0,0,24.5294117647059,0,0,24.5294117647059,0,27.5294117647059
819,1,1,0,0,0,0,0,1,1.56521739130435,1.56521739130435,0,0,0,0,0,1.56521739130435
820,1,0,0,0,0,1,0,0,16.3333333333333,0,0,0,0,16.3333333333333,0,0
821,0,1,1,1,1,0,0,0,0,10.75,10.75,10.75,10.75,0,0,0
822,1,0,1,0,1,0,0,1,24.8421052631579,0,24.8421052631579,0,24.8421052631579,0,0,27.8421052631579
823,0,0,0,1,0,1,1,1,0,0,0,8,0,8,8,11
824,0,1,0,1,1,1,0,0,0,16.8461538461538,0,16.8461538461538,16.8461538461538,16.8461538461538,0,0
825,1,1,1,0,0,1,0,1,13.3939393939394,13.3939393939394,13.3939393939394,0,0,13.3939393939394,0,13.3939393939394
826,1,1,0,1,1,0,1,1,3.4,3.4,0,3.4,3.4,0,3.4,3.4
827,1,0,0,1,1,0,0,0,9.33333333333333,0,0,9.33333333333333,9.33333333333333,0,0,0
828,0,0,1,0,0,1,1,0,0,0,1.47368421052632,0,0,1.47368421052632,4.47368421052632,0
829,1,1,0,1,0,0,1,1,10.0645161290323,10.0645161290323,0,10.0645161290323,0,0,13.0645161290323,13.0645161290323
830,1,0,0,1,0,0,0,0,23.6486486486486,0,0,23.6486486486486,0,0,0,0
831,1,0,1,1,0,0,1,1,-0.395348837209302,0,-0.395348837209302,-0.395348837209302,0,0,-0.395348837209302,2.6046511627907
832,0,1,1,1,0,1,0,0,0,26.375,26.375,26.375,0,26.375,0,0
833,0,1,0,0,0,1,0,1,0,20.7878787878788,0,0,0,20.7878787878788,0,20.7878787878788
834,0,0,1,1,0,0,1,0,0,0,-0.3125,-0.3125,0,0,2.6875,0
835,0,1,0,0,0,1,0,1,0,0,0,0,0,0,0,0
836,0,1,1,0,0,0,0,0,0,17.9285714285714,17.9285714285714,0,0,0,0,0
837,1,1,1,0,0,0,1,1,13.1428571428571,13.1428571428571,13.1428571428571,0,0,0,16.1428571428571,16.1428571428571
838,1,0,0,1,1,1,1,0,25,0,0,25,25,25,28,0
839,0,0,0,1,1,1,0,0,0,0,0,1.38709677419355,1.38709677419355,1.38709677419355,0,0
840,0,1,1,1,1,1,1,0,0,1.70967741935484,1.70967741935484,1.70967741935484,1.70967741935484,1.70967741935484,4.70967741935484,0
841,1,1,1,0,1,0,0,0,22.0625,22.0625,22.0625,0,22.0625,0,0,0
842,0,0,0,1,1,1,1,0,0,0,0,16.0625,16.0625,16.0625,19.0625,0
843,1,0,0,1,1,1,0,0,10.6774193548387,0,0,10.6774193548387,10.6774193548387,10.6774193548387,0,0
844,1,0,0,1,1,0,0,0,15.6666666666667,0,0,15.6666666666667,15.6666666666667,0,0,0
845,0,1,1,0,1,0,1,1,0,11.6666666666667,11.6666666666667,0,11.6666666666667,0,14.6666666666667,11.6666666666667
846,1,1,1,1,1,0,1,1,29.4444444444444,29.4444444444444,29.4444444444444,29.4444444444444,29.4444444444444,0,32.4444444444444,29.4444444444444
847,1,0,0,1,1,1,0,0,17.0625,0,0,17.0625,17.0625,17.0625,0,0
848,0,0,0,0,1,0,0,0,0,0,0,0,26.3103448275862,0,0,0
849,1,1,0,1,1,1,1,1,28.6111111111111,28.6111111111111,0,28.6111111111111,28.6111111111111,28.6111111111111,28.6111111111111,31.6111111111111
850,0,1,1,0,0,0,1,1,0,8.41176470588235,8.41176470588235,0,0,0,11.4117647058824,11.4117647058824
851,0,1,0,0,0,1,1,1,0,12.5714285714286,0,0,0,12.5714285714286,12.5714285714286,15.5714285714286
852,1,0,1,1,0,1,1,0,8.45945945945946,0,8.45945945945946,8.45945945945946,0,8.45945945945946,11.4594594594595,0
853,0,0,0,0,1,1,1,0,0,0,0,0,1.06451612903226,1.06451612903226,4.06451612903226,0
854,1,0,0,1,1,0,0,1,8.57142857142857,0,0,8.57142857142857,8.57142857142857,0,0,11.5714285714286
855,0,1,0,1,0,1,1,1,0,21.695652173913,0,21.695652173913,0,21.695652173913,24.695652173913,21.695652173913
856,0,0,0,1,1,1,1,0,0,0,0,2.71428571428571,2.71428571428571,2.71428571428571,5.71428571428571,0
857,0,0,1,1,1,1,1,1,0,0,0.642857142857143,0.642857142857143,0.642857142857143,0.642857142857143,0.642857142857143,3.64285714285714
858,1,0,0,1,0,1,1,1,-0.388888888888889,0,0,-0.388888888888889,0,-0.388888888888889,2.61111111111111,2.61111111111111
859,0,1,0,0,1,1,1,0,0,6.09090909090909,0,0,6.09090909090909,6.09090909090909,9.09090909090909,0
860,0,1,1,1,0,1,0,1,0,0.6,0.6,0.6,0,0.6,0,3.6
861,1,1,0,1,0,0,0,1,11.6774193548387,11.6774193548387,0,11.6774193548387,0,0,0,11.6774193548387
862,1,0,0,0,1,1,0,0,29,0,0,0,29,29,0,0
863,1,1,1,0,1,1,0,1,5,5,5,0,5,5,0,5
864,0,1,0,0,0,0,1,0,0,0.473684210526316,0,0,0,0,0.473684210526316,0
865,0,0,0,1,1,1,1,0,0,0,0,2,2,2,5,0
866,0,0,0,1,1,0,1,0,0,0,0,15.2,15.2,0,18.2,0
867,1,0,0,1,1,0,1,0,9.57142857142857,0,0,9.57142857142857,9.57142857142857,0,9.57142857142857,0
868,0,1,0,1,1,0,0,0,0,0.714285714285714,0,0.714285714285714,0.714285714285714,0,0,0
869,0,0,1,0,1,1,1,0,0,0,3.14285714285714,0,3.14285714285714,3.14285714285714,3.14285714285714,0
870,0,0,1,0,1,0,0,0,0,0,27.3103448275862,0,27.3103448275862,0,0,0
871,1,1,1,1,1,0,1,1,13.9473684210526,13.9473684210526,13.9473684210526,13.9473684210526,13.9473684210526,0,16.9473684210526,16.9473684210526
872,1,1,0,1,1,1,0,0,10.2592592592593,10.2592592592593,0,10.2592592592593,10.2592592592593,10.2592592592593,0,0
873,0,0,0,1,1,1,0,1,0,0,0,26,26,26,0,29
874,1,0,1,0,1,0,1,1,17.1666666666667,0,17.1666666666667,0,17.1666666666667,0,20.1666666666667,20.1666666666667
875,1,0,1,0,1,0,0,1,0.666666666666667,0,0.666666666666667,0,0.666666666666667,0,0,3.66666666666667
876,0,1,1,1,1,0,1,0,0,10.2857142857143,10.2857142857143,10.2857142857143,10.2857142857143,0,13.2857142857143,0
877,0,0,1,1,1,1,0,1,0,0,24.7222222222222,24.7222222222222,24.7222222222222,24.7222222222222,0,27.7222222222222
878,0,0,0,0,0,0,0,1,0,0,0,0,0,0,0,8.04761904761905
879,0,1,1,1,1,0,0,0,0,12.2592592592593,12.2592592592593,12.2592592592593,12.2592592592593,0,0,0
880,0,0,0,1,0,0,1,0,0,0,0,1.51851851851852,0,0,4.51851851851852,0
881,1,0,1,1,0,1,1,0,21.6969696969697,0,21.6969696969697,21.6969696969697,0,21.6969696969697,21.6969696969697,0
882,0,0,1,0,0,0,1,1,0,0,-0.645161290322581,0,0,0,2.35483870967742,2.35483870967742
883,1,0,1,0,1,0,0,1,2.47368421052632,0,2.47368421052632,0,2.47368421052632,0,0,2.47368421052632
884,1,1,0,0,0,0,0,0,25,25,0,0,0,0,0,0
885,0,0,1,1,0,1,0,0,0,0,3.62068965517241,3.62068965517241,0,3.62068965517241,0,0
886,1,0,1,0,1,1,0,1,13,0,13,0,13,13,0,16
887,0,1,1,0,1,1,0,1,0,12.1666666666667,12.1666666666667,0,12.1666666666667,12.1666666666667,0,12.1666666666667
888,0,0,0,1,0,0,0,1,0,0,0,16.3333333333333,0,0,0,19.3333333333333
889,1,0,1,0,0,1,1,1,10.75,0,10.75,0,0,10.75,10.75,13.75
890,1,0,0,1,1,1,1,1,12.5714285714286,0,0,12.5714285714286,12.5714285714286,12.5714285714286,12.5714285714286,12.5714285714286
891,0,0,0,1,0,0,1,1,0,0,0,4.33333333333333,0,0,4.33333333333333,4.33333333333333
892,1,1,0,0,1,1,1,1,0.0625,0.0625,0,0,0.0625,0.0625,3.0625,3.0625
893,0,0,1,0,0,0,0,1,0,0,16.6,0,0,0,0,16.6
894,0,0,1,0,0,1,1,1,0,0,5.23076923076923,0,0,5.23076923076923,8.23076923076923,5.23076923076923
895,0,0,0,0,0,0,1,0,0,0,0,0,0,0,2.61538461538462,0
896,0,0,0,1,0,1,1,0,0,0,0,18.6153846153846,0,18.6153846153846,21.6153846153846,0
897,1,1,1,1,0,1,1,1,1.70588235294118,1.70588235294118,1.70588235294118,1.70588235294118,0,1.70588235294118,1.70588235294118,1.70588235294118
898,1,0,0,0,1,1,0,0,16.7560975609756,0,0,0,16.7560975609756,16.7560975609756,0,0
899,0,0,0,1,0,0,0,1,0,0,0,23.7674418604651,0,0,0,23.7674418604651
900,1,0,1,0,1,0,0,0,18.2592592592593,0,18.2592592592593,0,18.2592592592593,0,0,0
901,0,0,0,0,1,1,0,0,0,0,0,0,23.2,23.2,0,0
902,0,1,0,0,1,0,1,1,0,28.8235294117647,0,0,28.8235294117647,0,31.8235294117647,28.8235294117647
903,1,1,0,1,0,0,0,1,18.0909090909091,18.0909090909091,0,18.0909090909091,0,0,0,21.0909090909091
904,1,0,1,0,0,0,0,1,22.5714285714286,0,22.5714285714286,0,0,0,0,22.5714285714286
905,1,1,0,1,0,0,1,0,13.3870967741935,13.3870967741935,0,13.3870967741935,0,0,13.3870967741935,0
906,1,0,1,1,1,1,1,0,-0.3125,0,-0.3125,-0.3125,-0.3125,-0.3125,2.6875,0
907,1,1,1,0,0,1,1,0,2.71428571428571,2.71428571428571,2.71428571428571,0,0,2.71428571428571,5.71428571428571,0
908,1,0,1,0,0,0,1,1,2.35483870967742,0,2.35483870967742,0,0,0,2.35483870967742,5.35483870967742
909,0,0,0,0,0,0,0,0,0,0,0,0,0,0,0,0
910,0,0,0,1,0,1,1,0,0,0,0,14.1666666666667,0,14.1666666666667,14.1666666666667,0
911,0,1,0,1,1,0,1,1,0,10.7096774193548,0,10.7096774193548,10.7096774193548,0,10.7096774193548,13.7096774193548
912,0,0,1,1,0,0,0,0,0,0,-0.967741935483871,-0.967741935483871,0,0,0,0
913,0,0,0,1,1,1,1,1,0,0,0,23.8888888888889,23.8888888888889,23.8888888888889,26.8888888888889,26.8888888888889
914,0,0,1,1,1,0,0,1,0,0,16,16,16,0,0,16
915,1,0,0,1,1,1,0,1,25.6842105263158,0,0,25.6842105263158,25.6842105263158,25.6842105263158,0,28.6842105263158
916,0,1,1,1,0,0,1,0,0,15.8,15.8,15.8,0,0,15.8,0
917,1,0,1,1,1,0,1,1,10.6111111111111,0,10.6111111111111,10.6111111111111,10.6111111111111,0,13.6111111111111,10.6111111111111
918,1,1,0,0,0,1,0,1,22.8260869565217,22.8260869565217,0,0,0,22.8260869565217,0,22.8260869565217
919,1,1,0,0,0,0,0,1,12.2105263157895,12.2105263157895,0,0,0,0,0,12.2105263157895
920,0,1,1,0,1,1,1,1,0,22.7096774193548,22.7096774193548,0,22.7096774193548,22.7096774193548,25.7096774193548,25.7096774193548
921,0,0,0,1,0,1,0,0,0,0,0,24.7272727272727,0,24.7272727272727,0,0
922,0,0,1,1,1,0,0,1,0,0,10.3333333333333,10.3333333333333,10.3333333333333,0,0,10.3333333333333
923,0,0,0,1,1,1,1,1,0,0,0,22.5,22.5,22.5,25.5,22.5
924,1,0,0,1,1,1,1,0,21.2105263157895,0,0,21.2105263157895,21.2105263157895,21.2105263157895,24.2105263157895,0
925,0,1,0,0,1,1,0,0,0,15.4848484848485,0,0,15.4848484848485,15.4848484848485,0,0
926,0,1,0,1,1,0,0,1,0,13.4117647058824,0,13.4117647058824,13.4117647058824,0,0,16.4117647058824
927,0,1,1,0,0,0,0,1,0,9.82352941176471,9.82352941176471,0,0,0,0,12.8235294117647
928,1,0,0,0,0,1,1,0,9.39393939393939,0,0,0,0,9.39393939393939,12.3939393939394,0
929,0,0,0,1,1,1,0,1,0,0,0,21.375,21.375,21.375,0,21.375
930,1,1,1,1,1,0,1,0,15.4117647058824,15.4117647058824,15.4117647058824,15.4117647058824,15.4117647058824,0,18.4117647058824,0
931,0,0,1,1,1,0,1,1,0,0,28.7142857142857,28.7142857142857,28.7142857142857,0,28.7142857142857,31.7142857142857
932,1,0,1,0,1,0,0,1,20.0322580645161,0,20.0322580645161,0,20.0322580645161,0,0,23.0322580645161
933,1,0,1,0,1,1,1,0,12,0,12,0,12,12,12,0
934,0,0,0,0,1,0,1,1,0,0,0,0,8.25925925925926,0,11.2592592592593,11.2592592592593
935,0,0,1,1,0,1,1,0,0,0,0.736842105263158,0.736842105263158,0,0.736842105263158,0.736842105263158,0
936,1,0,0,0,1,1,1,1,17.5,0,0,0,17.5,17.5,20.5,20.5
937,1,0,0,0,0,1,1,1,20.6,0,0,0,0,20.6,23.6,20.6
938,1,1,1,0,0,0,1,0,21.5833333333333,21.5833333333333,21.5833333333333,0,0,0,21.5833333333333,0
939,1,1,1,1,1,0,0,0,19.4594594594595,19.4594594594595,19.4594594594595,19.4594594594595,19.4594594594595,0,0,0
940,1,0,1,0,1,1,0,1,19.3870967741935,0,19.3870967741935,0,19.3870967741935,19.3870967741935,0,19.3870967741935
941,0,0,0,1,0,0,0,1,0,0,0,25.3103448275862,0,0,0,25.3103448275862
942,0,1,1,1,1,0,1,0,0,10,10,10,10,0,10,0
943,0,1,1,1,0,0,0,0,0,25.75,25.75,25.75,0,0,0,0
944,1,1,1,0,0,1,1,0,12.1304347826087,12.1304347826087,12.1304347826087,0,0,12.1304347826087,15.1304347826087,0
945,0,0,0,1,1,0,1,0,0,0,0,27.4444444444444,27.4444444444444,0,27.4444444444444,0
946,1,1,0,1,1,0,1,1,2.5,2.5,0,2.5,2.5,0,5.5,5.5
947,0,1,1,1,1,1,0,1,0,19.6666666666667,19.6666666666667,19.6666666666667,19.6666666666667,19.6666666666667,0,22.6666666666667
948,1,1,1,0,0,1,0,0,18.6296296296296,18.6296296296296,18.6296296296296,0,0,18.6296296296296,0,0
949,1,0,0,1,0,1,1,1,25,0,0,25,0,25,28,28
950,1,0,1,0,0,1,0,1,12.2307692307692,0,12.2307692307692,0,0,12.2307692307692,0,12.2307692307692
951,0,0,1,0,1,0,0,1,0,0,-1,0,-1,0,0,2
952,0,0,0,1,0,1,0,1,0,0,0,18.6486486486486,0,18.6486486486486,0,21.6486486486486
953,1,1,1,0,0,0,1,1,17.1428571428571,17.1428571428571,17.1428571428571,0,0,0,17.1428571428571,17.1428571428571
954,1,0,1,1,0,0,1,1,14.1428571428571,0,14.1428571428571,14.1428571428571,0,0,17.1428571428571,17.1428571428571
955,1,1,0,1,1,0,1,1,12.7142857142857,12.7142857142857,0,12.7142857142857,12.7142857142857,0,12.7142857142857,15.7142857142857
956,1,0,0,1,1,1,0,0,25.7272727272727,0,0,25.7272727272727,25.7272727272727,25.7272727272727,0,0
957,1,0,0,1,1,1,1,1,3.88888888888889,0,0,3.88888888888889,3.88888888888889,3.88888888888889,3.88888888888889,6.88888888888889
958,1,1,1,0,1,0,1,0,21.4285714285714,21.4285714285714,21.4285714285714,0,21.4285714285714,0,24.4285714285714,0
959,1,0,1,0,0,0,1,0,8.75,0,8.75,0,0,0,8.75,0
960,0,1,1,1,0,0,0,1,0,-0.8,-0.8,-0.8,0,0,0,-0.8
961,1,1,1,1,1,0,1,1,19.6153846153846,19.6153846153846,19.6153846153846,19.6153846153846,19.6153846153846,0,19.6153846153846,19.6153846153846
962,0,0,1,0,0,1,0,1,0,0,5.71428571428571,0,0,5.71428571428571,0,8.71428571428572
963,0,1,0,1,0,1,0,1,0,24.8888888888889,0,24.8888888888889,0,24.8888888888889,0,27.8888888888889
964,1,1,1,0,1,1,1,1,16.5294117647059,16.5294117647059,16.5294117647059,0,16.5294117647059,16.5294117647059,19.5294117647059,16.5294117647059
965,0,1,0,1,1,1,0,0,0,25.4594594594595,0,25.4594594594595,25.4594594594595,25.4594594594595,0,0
966,1,0,1,1,0,1,1,1,21.0645161290323,0,21.0645161290323,21.0645161290323,0,21.0645161290323,24.0645161290323,21.0645161290323
967,0,0,1,1,0,0,0,1,0,0,24,24,0,0,0,27
968,1,0,1,1,0,1,1,1,6.82352941176471,0,6.82352941176471,6.82352941176471,0,6.82352941176471,6.82352941176471,9.82352941176471
969,1,1,0,1,1,1,1,1,23.3870967741935,23.3870967741935,0,23.3870967741935,23.3870967741935,23.3870967741935,23.3870967741935,26.3870967741935
970,1,0,1,1,1,0,0,1,0.0909090909090908,0,0.0909090909090908,0.0909090909090908,0.0909090909090908,0,0,0.0909090909090908
971,0,0,0,1,0,0,1,0,0,0,0,19.7222222222222,0,0,19.7222222222222,0
972,1,1,1,1,1,1,1,1,20.2380952380952,20.2380952380952,20.2380952380952,20.2380952380952,20.2380952380952,20.2380952380952,23.2380952380952,20.2380952380952
973,0,0,0,0,0,0,1,0,0,0,0,0,0,0,15.0645161290323,0
974,1,1,1,0,1,1,0,1,5.16666666666667,5.16666666666667,5.16666666666667,0,5.16666666666667,5.16666666666667,0,8.16666666666667
975,1,1,0,0,0,1,0,0,17.7272727272727,17.7272727272727,0,0,0,17.7272727272727,0,0
976,0,1,0,0,0,1,1,0,0,5.58620689655172,0,0,0,5.58620689655172,5.58620689655172,0
977,0,0,1,1,1,1,1,1,0,0,2.48717948717949,2.48717948717949,2.48717948717949,2.48717948717949,5.48717948717949,2.48717948717949
978,1,0,0,1,1,1,1,0,8.61904761904762,0,0,8.61904761904762,8.61904761904762,8.61904761904762,8.61904761904762,0
979,1,0,1,1,1,1,1,1,17.6666666666667,0,17.6666666666667,17.6666666666667,17.6666666666667,17.6666666666667,20.6666666666667,17.6666666666667
980,0,0,1,0,1,0,0,0,0,0,12.8235294117647,0,12.8235294117647,0,0,0
981,0,1,0,1,1,0,0,1,0,1,0,1,1,0,0,1
982,1,1,1,1,1,1,1,0,21.4193548387097,21.4193548387097,21.4193548387097,21.4193548387097,21.4193548387097,21.4193548387097,21.4193548387097,0
983,1,1,1,0,1,1,1,1,13.25,13.25,13.25,0,13.25,13.25,13.25,13.25
984,0,0,0,0,0,1,0,0,0,0,0,0,0,19.8461538461538,0,0
985,0,1,1,0,1,0,0,1,0,4.33333333333333,4.33333333333333,0,4.33333333333333,0,0,4.33333333333333
986,1,0,0,0,0,1,0,0,24.7368421052632,0,0,0,0,24.7368421052632,0,0
987,1,1,0,1,1,1,0,0,4.46153846153846,4.46153846153846,0,4.46153846153846,4.46153846153846,4.46153846153846,0,0
988,1,1,0,0,1,0,0,0,6.2,6.2,0,0,6.2,0,0,0
989,1,1,0,1,1,1,0,1,1.94736842105263,1.94736842105263,0,1.94736842105263,1.94736842105263,1.94736842105263,0,4.94736842105263
990,0,0,0,0,0,1,1,1,0,0,0,0,0,27.1176470588235,30.1176470588235,30.1176470588235
991,1,1,1,0,0,1,0,1,5.31034482758621,5.31034482758621,5.31034482758621,0,0,5.31034482758621,0,5.31034482758621
992,0,1,1,0,0,0,1,0,0,12.0322580645161,12.0322580645161,0,0,0,15.0322580645161,0
993,0,0,1,0,0,0,0,0,0,0,6.25,0,0,0,0,0
994,1,0,1,0,1,0,1,1,15.1891891891892,0,15.1891891891892,0,15.1891891891892,0,15.1891891891892,18.1891891891892
995,0,0,0,1,1,1,0,0,0,0,0,20.8,20.8,20.8,0,0
996,1,1,0,0,1,0,0,0,28.6363636363636,28.6363636363636,0,0,28.6363636363636,0,0,0
997,0,1,1,1,1,0,1,1,0,27.6,27.6,27.6,27.6,0,30.6,30.6
998,0,0,1,0,1,0,0,1,0,0,29.6,0,29.6,0,0,32.6
999,1,1,1,0,0,0,0,1,5,5,5,0,0,0,0,5
1000,1,1,1,0,0,1,0,1,6.44444444444444,6.44444444444444,6.44444444444444,0,0,6.44444444444444,0,6.44444444444444
